StdInChIKey,SMILES,LogS,T,Source
ABLACSIRCKEUOB-UHFFFAOYSA-N,Cc1cc(O)c2C(=O)c3c(O)cc(O)c4C(=O)C(C)(C)c5cc(O)c1c2c5c34,-3.332075128,20,Reaxys
ABTUPTPDCSVHOI-UHFFFAOYSA-N,O=C1CCCCCCCCCCCCCCCCCN1,0.171100776,22,Reaxys
ACGUYXCXAPNIKK-UHFFFAOYSA-N,Oc1c(Cl)cc(Cl)c(Cl)c1Cc2c(O)c(Cl)cc(Cl)c2Cl,-0.885219291,20,Reaxys
ADGVSBKVUXRJQH-UHFFFAOYSA-N,O(C1(c2ccccc2)c3ccccc3c4ccccc14)C5(c6ccccc6)c7ccccc7c8ccccc58,-0.568182429,NA,Reaxys
AEDIXYWIVPYNBI-UHFFFAOYSA-N,CCCCCCC(N)=O,-1.342690328,20,Reaxys
AFFZWQZWWRKJSU-UHFFFAOYSA-N,CC1(C)C4CCC1/C(=C/Nc3ccc2ccccc2c3)C4=O,-1.750473715,NA,Reaxys
AFPHTEQTJZKQAQ-UHFFFAOYSA-N,OC(=O)c1cccc(c1)[N+]([O-])=O,-0.969402295,25,Reaxys
AGUIVNYEYSCPNI-UHFFFAOYSA-N,CN(c1c(cc(cc1[N+]([O-])=O)[N+]([O-])=O)[N+]([O-])=O)[N+]([O-])=O,-0.810589193,18,Reaxys
ALBYIUDWACNRRB-UHFFFAOYSA-N,CCCCCC(N)=O,-1.058156274,20,Reaxys
ALYNCZNDIQEVRV-UHFFFAOYSA-N,Nc1ccc(cc1)C(O)=O,-2.34814254,25,Reaxys
ANXTWUZEYYACQX-UHFFFAOYSA-N,Cc1ccc(cc1)N(c2cccc(C)c2)c3cccc(C)c3,0.436610032,17,Reaxys
AOZXETLGPZAZNK-UHFFFAOYSA-N,CCOc1c(cc(cc1[N+]([O-])=O)[N+]([O-])=O)[N+]([O-])=O,0.224355743,15,Reaxys
APXIOBIHMSMFLO-UHFFFAOYSA-N,COc1cccc(C=NNc2ccc(cc2[N+]([O-])=O)[N+]([O-])=O)c1,-2.988178757,20,Reaxys
APZGKGHAXUURNO-UHFFFAOYSA-N,CC12SC3(C)SC(C)(S1)SC(C)(S2)S3,0.117757985,20,Reaxys
AQKGLAJGQUIHSJ-ZDEMKHDWSA-N,[C@@H]45C3=NC1=C([C@H]2CC[C@@H]1C2(C)C)N=C3[C@@H](CC4)C5(C)C,-0.39912237,20,Reaxys
ARQPAZGNIULDOE-AFYYWNPRSA-N,C[C@@H]3CCCC(NC(=O)c1cccc2ccccc12)C3,-0.405925001,26,Reaxys
ASKWNDPFGDMSCK-UHFFFAOYSA-N,Cc1ccccc1N=Nc2ccc(O)cc2,-0.044894198,30,Reaxys
AUHHYELHRWCWEZ-UHFFFAOYSA-N,Clc1c(Cl)c(Cl)c2C(=O)OC(=O)c2c1Cl,-0.91164702,25,Reaxys
AVCSMMMOCOTIHF-UHFFFAOYSA-N,[O-][N+](=O)c1cccc2cccc(c12)[N+]([O-])=O,-1.521227671,16,Reaxys
AVVYOFCWOUPHSM-SAPNQHFASA-N,N#C/C(c1ccccc1)=N(=O)/c2ccc(Cl)cc2,-0.270795364,26,Reaxys
AXGXXLOKNNMCHP-UHFFFAOYSA-N,Cc1cc(O)ccc1N=Nc2ccccc2,-0.25369029,30,Reaxys
BBEAQIROQSPTKN-UHFFFAOYSA-N,c1cc2ccc3cccc4ccc(c1)c2c34,-0.259626574,20,Reaxys
BCAYFYHKUBCJIB-UHFFFAOYSA-N,OC(=O)CCC(=O)NNC(=O)c1ccccc1,-3.397897726,25,Reaxys
BCXWMIMRDMIJGL-UHFFFAOYSA-N,Cl[S](=O)(=O)c1cccc2c1cccc2[S](Cl)(=O)=O,-0.842909873,20,Reaxys
BDDYZHKLKHFEBJ-UHFFFAOYSA-N,O=C(OCOC(=O)c1ccccc1)c2ccccc2,-0.034809562,24,Reaxys
BDJRBEYXGGNYIS-UHFFFAOYSA-N,OC(=O)CCCCCCCC(O)=O,-3.368383065,25,Reaxys
BEKZHETVNVFYCV-UHFFFAOYSA-N,[O-][N+](=O)c1cc2cccc(c2c(c1)[N+]([O-])=O)[N+]([O-])=O,-1.868131264,15,Reaxys
BEQVQKJCLJBTKZ-UHFFFAOYSA-N,O[P](=O)(c1ccccc1)c2ccccc2,-2.105104492,19.99,Reaxys
BEYOBVMPDRKTNR-BUHFOSPRSA-N,c1ccc(cc1)/N=N/c2ccc(cc2)O,-1.139808281,30,Reaxys
BFRVGQZWGWUHBQ-GDDAKTJHSA-N,CCc1c(c2/cc/3\nc(/cc\4/c(c(/c(/[nH]4)c/c5n/c(c\c1[nH]2)/C(=C5C)CC)C)CC)C(=C3C)CC)C,-2.795880925,25,Reaxys
BGNQYGRXEXDAIQ-UHFFFAOYSA-N,CCOC(=O)c1cnn(C)c1[S](=O)(=O)NC(=O)Nc2nc(OC)cc(OC)n2,-1.4242941,20,Reaxys
BIEBWMDQQCKEIN-UHFFFAOYSA-N,NC(=O)C(O)c1ccccc1Cl,-1.881211544,22,Reaxys
BIOPPFDHKHWJIA-UHFFFAOYSA-N,N#Cc1c2ccccc2c(C#N)c3ccccc13,-2.756356503,20,Reaxys
BKYWPNROPGQIFZ-UHFFFAOYSA-N,Cc1ccc(c(C)c1)C(O)=O,-0.625153426,20,Reaxys
BOBLSBAZCVBABY-UHFFFAOYSA-N,C(=CC=Cc1ccccc1)C=Cc2ccccc2,-1.431597495,19,Reaxys
BPTKLSBRRJFNHJ-UHFFFAOYSA-N,Oc1ccc(N=Nc2ccccc2)c(O)c1,-1.507550426,30,Reaxys
BQJCRHHNABKAKU-KBQPJGBKSA-N,CN1CC[C@]23[C@H]4Oc5c(O)ccc(C[C@@H]1[C@@H]2C=C[C@@H]4O)c35,-2.713522567,20,Reaxys
BTJIUGUIPKRLHP-UHFFFAOYSA-N,Oc1ccc(cc1)[N+]([O-])=O,-1.019509832,25,Reaxys
BTQMNEKPMOZIDW-UHFFFAOYSA-N,CC(C)CC(CC(C)C)(CC(C)C)C(=O)NO,-0.431798276,26,Reaxys
BWSFWXSSALIZAU-UHFFFAOYSA-N,OC(C(O)=O)c1ccc(Cl)cc1,-1.598802144,22,Reaxys
BXRFQSNOROATLV-UHFFFAOYSA-N,[O-][N+](=O)c1ccc(C=O)cc1,-0.277373785,26,Reaxys
BZEUYEFVVDTLOD-PLNGDYQASA-N,CCC\C=C/C(N)=O,0.648860333,20,Reaxys
BZEUYEFVVDTLOD-SNAWJCMRSA-N,CCC\C=C\C(N)=O,-1.554882494,20,Reaxys
CAQHPYSDQFDJAL-UHFFFAOYSA-N,ON=C1C(=O)C=Cc2ccccc12,-0.376755606,26,Reaxys
CJADAVIATOALFB-UHFFFAOYSA-N,O=C1c2ccccc2c3c4c1cccc4c5cccc6C(=O)c7ccccc7c3c56,-2.188086645,23,Reaxys
COGNJHDCPSNYEH-UHFFFAOYSA-N,CCCCCCC(C)=NNC(N)=O,-1.40926556,20,Reaxys
CPJSUEIXXCENMM-UHFFFAOYSA-N,CCOc1ccc(NC(C)=O)cc1,-2.497966587,25,Reaxys
CPXHDGJIYPGMMZ-UHFFFAOYSA-N,OC(C#CC(O)(c1ccccc1)c2ccccc2)(c3ccccc3)c4ccccc4,-3.81024671,24,Reaxys
CQIUKKVOEOPUDV-IYSWYEEDSA-N,C[C@H]1OC=C2C(=C(C(O)=O)C(=O)C(=C2[C@@H]1C)C)O,-0.942313597,25,Reaxys
CSHWQDPOILHKBI-UHFFFAOYSA-N,c1cc2cccc3c4cccc5cccc(c(c1)c23)c45,-2.031526213,20,Reaxys
CTUQBZGKHZPYJF-UHFFFAOYSA-N,O=C(C(C(=O)c1ccccc1)C(=O)c2ccccc2)c3ccccc3,-2.971795408,21,Reaxys
CTVADTSNUUHIPU-FOCLMDBBSA-N,CCC1=CC(N=Nc2ccccc2O)(C(O)C=C1)c3ccccc3,0.969157398,30,Reaxys
CWFGKWQPVBFODR-HDICACEKSA-N,CCCCCCCCC(O)C(O)CCCCCCCC,-2.042149762,25,Reaxys
CWRYPZZKDGJXCA-UHFFFAOYSA-N,C1Cc2cccc3cccc1c23,0.260115988,24.84,Reaxys
CXOFVDLJLONNDW-UHFFFAOYSA-N,O=C1NC(=O)C(N1)(c2ccccc2)c3ccccc3,-3.225777791,20,Reaxys
CZGCEKJOLUNIFY-UHFFFAOYSA-N,[O-][N+](=O)c1ccc(Cl)cc1,0.667218289,17,Reaxys
DBKKFIIYQGGHJO-UHFFFAOYSA-N,CCOC(=O)C(=O)C(=O)OCC,0.060099036,22,Reaxys
DDBREPKUVSBGFI-UHFFFAOYSA-N,CCC1(C(=O)NC(=O)NC1=O)c2ccccc2,-2.380508679,20,Reaxys
DHNCWGKMISNJQG-UHFFFAOYSA-N,CN(C(=O)C(=O)N(C)[N+]([O-])=O)[N+]([O-])=O,-0.389334259,20,Reaxys
DIKMWTRJIZQJMY-CYFREDJKSA-N,C[C@@H]1NC(=O)[C@H](Cc2c3cc(CC=C(C)C)cc(CC=C(C)C)c3[nH]c2C(C)(C)C=C)NC1=O,-3.321888278,NA,Reaxys
DJDHQJFHXLBJNF-UHFFFAOYSA-N,CCCc1ccc(O)cc1O,-0.757635078,24.9,Reaxys
DKPSYPVDBXCWRM-UHFFFAOYSA-N,Cc5ccc(/N=C(Nc1ccc(C)cc1)/N(c2ccc(C)cc2)c4nc3cc(C)ccc3[nH]4)cc5,-1.560280876,15,Reaxys
DMLAVOWQYNRWNQ-BUHFOSPRSA-N,c1ccc(cc1)/N=N/c2ccccc2,0.225964192,25,Reaxys
DNSISZSEWVHGLH-UHFFFAOYSA-N,CCCC(N)=O,-1.599681728,20,Reaxys
DNVPQKQSNYMLRS-APGDWVJJSA-N,CC(C)[C@@H](C)/C=C/[C@@H](C)[C@H]1CC[C@H]2C3=CC=C4C[C@@H](O)CC[C@]4(C)[C@H]3CC[C@]12C,-1.62903887,16,Reaxys
DNXHEGUUPJUMQT-CBZIJGRNSA-N,C[C@]12CC[C@H]3[C@@H](CCc4cc(O)ccc34)[C@@H]1CCC2=O,-2.375512649,30,Reaxys
DOTLEUORWLAKLE-UHFFFAOYSA-N,O=C1c2cccc3cccc(c23)C1=C4C(=O)c5cccc6cccc4c56,-2.325706484,19,Reaxys
DPALPZWFXXPWMO-UHFFFAOYSA-N,COc1ccc(cc1)C(=O)C=Cc2ccccc2O,-1.627169492,NA,Reaxys
DPJCXCZTLWNFOH-UHFFFAOYSA-N,Nc1ccccc1[N+]([O-])=O,0.012926413,25,Reaxys
DRVIXNJJIHRZFT-UHFFFAOYSA-N,CCCCC(CCC)=NNC(N)=O,0.093925079,20,Reaxys
DTFARBHXORYQBF-HBGVWJBISA-N,COc1cc2OC[C@H]3Oc4c5C[C@@H](Oc5ccc4C(=O)[C@H]3c2cc1OC)C(C)C,-0.798836918,25,Reaxys
DXBHBZVCASKNBY-UHFFFAOYSA-N,c1ccc2cc3c(ccc4ccccc34)cc2c1,-1.721252106,20,Reaxys
DYIIYHDGKUVKLC-KLOSEMCISA-N,C1([C@H]2CC([C@@H](C1)C2)=CC3C4CC(C(C3)C4)(C)C)(C)C,0.305037622,NA,Reaxys
DZQLZCHEALBORZ-UHFFFAOYSA-N,C1OC(OCC12COC(OC2)c3ccccc3)c4ccccc4,-0.716511116,NA,Reaxys
DZTHIGRZJZPRDV-UHFFFAOYSA-N,CC(=O)NC(Cc1c[nH]c2ccccc12)C(O)=O,-3.859925539,21,Reaxys
FBAAWFXZNSCIGK-KKZNHRDASA-N,C[C@@]12CC[C@@H](C1(C)C)C[C@H]2N=C=O,-1.01584398,NA,Reaxys
FHFMSTWPQINGGA-FOCLMDBBSA-N,c1ccc(cc1)/N=N/c2cc(cc(c2O)Cl)Cl,-0.292462151,30,Reaxys
FIQMHBFVRAXMOP-UHFFFAOYSA-N,O=[P](c1ccccc1)(c2ccccc2)c3ccccc3,-0.038579503,26,Reaxys
FJWXOOJXUZNGNH-UHFFFAOYSA-N,COc1cc(ccc1c2ccccc2)c3ccc(c(OC)c3)c4ccccc4,-1.221602711,20,Reaxys
FKVMWDZRDMCIAJ-UHFFFAOYSA-N,CCCCCCCCCCC(N)=O,-1.757193026,20,Reaxys
FMXDVBRYDYFVGS-UHFFFAOYSA-N,COc1c(cc(cc1[N+]([O-])=O)[N+]([O-])=O)[N+]([O-])=O,0.534292363,15,Reaxys
FNUXIDAXTMVGMS-UHFFFAOYSA-N,BrC1C(OC(=O)C1=O)c2ccc(Br)cc2,-0.921639663,21,Reaxys
FNYDIAAMUCQQDE-UHFFFAOYSA-N,Cc1ccc(O)cc1O,-1.281816615,24.9,Reaxys
FOGXJPFPZOHSQS-AYVLZSQQSA-N,CCCC(=O)O[C@@]1(CC[C@H]2[C@@H]3CCC4=CC(=O)CC[C@]4(C)[C@H]3[C@@H](O)C[C@]12C)C(=O)COC(=O)CC,-1.071971787,25,Reaxys
FQBFMUKEABWXLQ-UHFFFAOYSA-N,CCc1c(O)cc(C)cc1O,-1.214763328,24.9,Reaxys
FTOAOBMCPZCFFF-UHFFFAOYSA-N,CCC1(CC)C(=O)NC(=O)NC1=O,-2.555160472,20,Reaxys
FUNGMMDHWWTWCC-UHFFFAOYSA-N,c1ccc2c(c1)C(c3ccccc23)C4(C5c6ccccc6c7ccccc57)c8ccccc8c9ccccc49,-1.303584743,20,Reaxys
FWQNYUYRXNWOOM-UHFFFAOYSA-N,CCCCCCCCCC(C(O)=O)C(O)=O,-2.917370255,25,Reaxys
FXJWTHBNVZNQQP-YUMQZZPRSA-N,OC(=O)[C@@H](Br)[C@@H](Br)c1ccccc1,-1.57469315,16,Reaxys
FZERHIULMFGESH-UHFFFAOYSA-N,CC(=O)Nc1ccccc1,-1.07109206,25,Reaxys
GBVCHRDRVDOMQV-RTWAWAEBSA-N,COc1cc2OC[C@H]3Oc4c(CC=C(C)C)c(O)ccc4C(=O)[C@H]3c2cc1OC,-1.899207463,25,Reaxys
GHLZUHZBBNDWHW-UHFFFAOYSA-N,CCCCCCCCC(N)=O,-1.697800618,20,Reaxys
GHMLBKRAJCXXBS-UHFFFAOYSA-N,Oc1cccc(O)c1,-1.68029568,24,Reaxys
GHVVZXRZVGCCNG-UHFFFAOYSA-N,CC(=O)C(C(=O)c1ccccc1)C(=O)c2ccccc2,-1.425364643,NA,Reaxys
GIAZCNVNDGIJFY-UHFFFAOYSA-N,Cc1ccc3c(c1)nc(Nc2ccccc2)n3/C(=N\c4ccccc4)Nc5ccccc5,-1.979195892,15,Reaxys
GKKDCARASOJPNG-UHFFFAOYSA-N,CC1OC(C)OC(C)OC(C)O1,-2.166856699,23,Reaxys
GLBZQZXDUTUCGK-UHFFFAOYSA-N,[O-][N+](=O)c1ccc(Cc2ccc(cc2)[N+]([O-])=O)cc1,-0.99238638,20,Reaxys
GLCPWVRTAKRUJT-KMFMINBZSA-N,C1(=C(C=CC=C1)C=NC2[C@H]3C[C@@H](C2)CC3)[N](=O)=O,-1.155038036,NA,Reaxys
GMHKMTDVRCWUDX-UHFFFAOYSA-N,CCC1(NC(=O)N(C)C1=O)c2ccccc2,-0.614688332,24,Reaxys
GNKJYVZPBBPVRT-BMRADRMJSA-N,c1(ccccc1)C(C#N)=N(=O)c2ccc(C)cc2,-0.339592419,26,Reaxys
GQSNJNBEIFSPHV-SREVYHEPSA-N,CCCCC\C=C/C(N)=O,0.341264486,20,Reaxys
GQSNJNBEIFSPHV-VOTSOKGWSA-N,CCCCC/C=C/C(N)=O,-1.845642737,20,Reaxys
GQXURJDNDYACGE-UHFFFAOYSA-N,OC(=O)C1(O)CC1,-0.814667125,NA,Reaxys
GVGLGOZIDCSQPN-PVHGPHFFSA-N,CN1CC[C@]23[C@H]4Oc5c(OC(C)=O)ccc(C[C@@H]1[C@@H]2C=C[C@@H]4OC(C)=O)c35,-0.470606864,25,Reaxys
GXBUKHSYNSJJAV-ISLYRVAYSA-N,CC(=O)c1cccc(c1)N=Nc2cc(C)c(O)cc2C,-1.389230833,30,Reaxys
GXMNKFPMBJAHHP-UHFFFAOYSA-N,CCOC(=O)C(=NNc1c(Br)cc(Br)cc1Br)C#N,-0.767429023,15,Reaxys
GYFJWQACXUYIFN-VHEBQXMUSA-N,CCc1cc(O)c(C)cc1N=Nc2cccc(c2)C(C)=O,-0.53745977,30,Reaxys
HAKJTBOWCJGLKF-UHFFFAOYSA-N,CCCCCCCCC(CC)(CC)C(=O)NO,-0.1487414,26,Reaxys
HAMMHSUBQYOIFQ-UHFFFAOYSA-N,OC(=O)C1c2ccccc2Cc3ccccc13,-1.873628627,15,Reaxys
HCBHQDKBSKYGCK-UHFFFAOYSA-N,Cc1cccc(C)c1C(O)=O,-0.287862464,20,Reaxys
HCUZVMHXDRSBKX-UHFFFAOYSA-N,CCCCCCCCCCC(C(O)=O)C(O)=O,-3.625930531,25,Reaxys
HFXHGVFEDYAYHQ-ISLYRVAYSA-N,CCc1cc(O)ccc1N=Nc2cccc(c2)C(C)=O,-1.551642395,30,Reaxys
HHDJWYOCRHVJHS-UHFFFAOYSA-N,CCC(CC)(Cc1ccc(C)cc1)C(=O)NO,-1.522871363,26,Reaxys
HIIZXHMIVWACID-UHFFFAOYSA-N,OC(=O)C1(Cl)OC(=O)c2ccccc12,-0.686066679,NA,Reaxys
HJHSNTOTXYILIV-UHFFFAOYSA-N,S1C(SC(SC1c2ccccc2)c3ccccc3)c4ccccc4,-0.836325348,25,Reaxys
HJRJRUMKQCMYDL-UHFFFAOYSA-N,[O-][N+](=O)c1cc(c(Cl)c(c1)[N+]([O-])=O)[N+]([O-])=O,0.113387133,17,Reaxys
HNPCGOZDKMBNBS-KMFMINBZSA-N,CC1(C)C2CCC1(C)C(C2)N=Cc3ccc(cc3)[N+]([O-])=O,-1.245385904,NA,Reaxys
HOHPPAHUSJCHHL-CMDGGOBGSA-N,CCCCCCC/C=C/C(N)=O,-1.434809842,20,Reaxys
HOHPPAHUSJCHHL-HJWRWDBZSA-N,CCCCCCCC=CC(N)=O,0.028641502,20,Reaxys
HQLOEBRPCVIFCT-UHFFFAOYSA-N,OC(=O)c1c(Br)cccc1Br,-0.779883089,20,Reaxys
HRSYHPSYPSMIQO-UHFFFAOYSA-N,[O-][N+](=O)c1ccc(NN=Cc2cccc(Br)c2)c(c1)[N+]([O-])=O,-3.030984062,20,Reaxys
HTMQZWFSTJVJEQ-UHFFFAOYSA-N,O=[S](Cc1ccccc1)Cc2ccccc2,-0.863545786,20,Reaxys
HTXPRECVNAFGMW-UHFFFAOYSA-N,CCCC(CCC)(c1ccccc1)C(=O)NO,-0.602048918,26,Reaxys
HUKPVYBUJRAUAG-UHFFFAOYSA-N,O=C1c2ccccc2c3cccc4cccc1c34,-1.213439666,20,Reaxys
HVSKRJNXLJJPBR-ALCCZGGFSA-N,OC(=O)\C(Br)=C\c1ccccc1Cl,-1.611648048,NA,Reaxys
HXQJFCWQLPRPRG-UHFFFAOYSA-N,Cc1ccc(NC(=Nc2ccc(C)cc2)n3c(Nc4ccc(C)cc4)nc5cc(C)ccc35)cc1,-1.719870244,15,Reaxys
HZKHTARSMSXWFU-UHFFFAOYSA-N,Cl[S](=O)(=O)c1cc2c(cccc2[S](Cl)(=O)=O)c(c1)[S](Cl)(=O)=O,-0.519907217,20,Reaxys
IAHOUQOWMXVMEH-UHFFFAOYSA-N,Nc1c(cc(cc1[N+]([O-])=O)[N+]([O-])=O)[N+]([O-])=O,-1.458053873,19.5,Reaxys
IAOCRFBMFNOPFQ-UHFFFAOYSA-N,OOC1(c2ccccc2)c3ccccc3C(OO)(c4ccccc4)c5ccccc15,-2.297149663,17,Reaxys
IBCDULLCLULASH-UHFFFAOYSA-N,Cc1ccc(cc1)C(=O)N(O)c2ccc(Cl)cc2,-1.307227288,20,Reaxys
IBDIGFWTFKXXAG-UHFFFAOYSA-N,Oc1ccc(cc1)N=Nc2ccccc2[N+]([O-])=O,-0.587374305,30,Reaxys
ICSNLGPSRYBMBD-UHFFFAOYSA-N,Nc1ccccn1,0.307369906,25,Reaxys
IEGGPIDDZREPLN-UHFFFAOYSA-N,COC(=O)c1ccc(cc1)C=NNc2ccc(cc2[N+]([O-])=O)[N+]([O-])=O,-3.390787543,20,Reaxys
IFLREYGFSNHWGE-UHFFFAOYSA-N,c1ccc2cc3cc4ccccc4cc3cc2c1,-2.017735267,20,Reaxys
IFYDLKKPIFEVOU-UHFFFAOYSA-N,CC(C)(C)c1ccc(O)c(c1)N=Nc2ccccc2,0.646344068,30,Reaxys
IHPDTPWNFBQHEB-KBPBESRZSA-N,O[C@H]([C@@H](O)c1ccccc1)c2ccccc2,-1.588474696,25,Reaxys
IJFDOVWXJGQCGY-UHFFFAOYSA-N,Cc1ccc2C(=O)c3ccccc3c4c2c1c5c(C)ccc6C(=O)c7ccccc7c4c56,-1.694205445,23,Reaxys
IJFXRHURBJZNAO-UHFFFAOYSA-N,OC(=O)c1cccc(O)c1,-3.193440523,25,Reaxys
IJXJGQCXFSSHNL-QMMMGPOBSA-N,N[C@@H](CO)c1ccccc1,-1.023350612,20,Reaxys
IKCLCGXPQILATA-UHFFFAOYSA-N,OC(=O)c1ccccc1Cl,-1.240463268,15,Reaxys
IKEHOXWJQXIQAG-UHFFFAOYSA-N,Cc1ccc(O)c(c1)C(C)(C)C,0.772431391,22,Reaxys
IKZIWJRUUPSDHX-UHFFFAOYSA-N,Cl[S](=O)(=O)c1ccc2cc(cc(c2c1)[S](Cl)(=O)=O)[S](Cl)(=O)=O,-1.755138507,20,Reaxys
IMNIMPAHZVJRPE-UHFFFAOYSA-N,C1CN2CCN1CC2,0.600178204,25,Reaxys
IMOPXBPHKARACH-UHFFFAOYSA-N,CCOCN1C(=O)c2ccccc2C1=O,-2.914264861,25,Reaxys
IOQIWWTVXOPYQR-CBAPKCEASA-N,C[C@H](O)[C@H](NC(=O)c1ccccc1)C(O)=O,-0.649780609,25,Reaxys
IPCSVZSSVZVIGE-UHFFFAOYSA-N,CCCCCCCCCCCCCCCC(O)=O,-0.603140172,20,Reaxys
IPWFJLQDVFKJDU-UHFFFAOYSA-N,CCCCC(N)=O,-1.354883018,20,Reaxys
IQUPABOKLQSFBK-UHFFFAOYSA-N,Oc1ccccc1[N+]([O-])=O,0.701736567,25,Reaxys
IVDVAMTYPIOUEQ-UHFFFAOYSA-N,CC1(C)C2CCC1(C)C(=O)C2C(=O)c3ccccc3,-0.23843404,17,Reaxys
IVSTXFYJHXMXFM-UHFFFAOYSA-N,OC(=O)CC1OC(OC1=O)C(Cl)(Cl)Cl,-0.94359673,20,Reaxys
IWYDHOAUDWTVEP-UHFFFAOYSA-N,OC(C(O)=O)c1ccccc1,-2.309533129,19,Reaxys
JBKVHLHDHHXQEQ-UHFFFAOYSA-N,O=C1CCCCCN1,0.56215473,22,Reaxys
JBLPFPMLHWDSFR-UHFFFAOYSA-N,CCc1c(Cl)c(Cl)c(Cl)c(Cl)c1Cl,0.720043321,22.1,Reaxys
JBWKIWSBJXDJDT-UHFFFAOYSA-N,ClC(c1ccccc1)(c2ccccc2)c3ccccc3,0.430728222,25,Reaxys
JCRIDWXIBSEOEG-UHFFFAOYSA-N,Oc1c(cccc1[N+]([O-])=O)[N+]([O-])=O,0.205061347,14,Reaxys
JDCXPRVWBPDZRZ-UHFFFAOYSA-N,Cc1ccc(Nc2[nH]c3ccc(C)cc3n2)cc1,-2.432800953,15,Reaxys
JEPXWPONFKFPCB-UHFFFAOYSA-N,Nc1ccc2c(Cc3cc(Cl)ccc23)c1,-0.733732477,18,Reaxys
JFCQEDHGNNZCLN-UHFFFAOYSA-N,OC(=O)CCCC(O)=O,-2.966263706,25,Reaxys
JFLKFZNIIQFQBS-FNCQTZNRSA-N,c1ccc(cc1)\C=C\C=C\c2ccccc2,-0.493942012,19,Reaxys
JHMMNVQXKFUCCZ-VOTSOKGWSA-N,[O-][N+](=O)c1cc(c(\C=C\c2ccccc2)c(c1)[N+]([O-])=O)[N+]([O-])=O,-0.79967407,20,Reaxys
JHWNWJKBPDFINM-UHFFFAOYSA-N,O=C1CCCCCCCCCCCN1,-0.916775407,22,Reaxys
JLYXXMFPNIAWKQ-CDRYSYESSA-N,Cl[C@@H]1[C@@H](Cl)[C@H](Cl)[C@@H](Cl)[C@H](Cl)[C@H]1Cl,-1.242384483,20,Reaxys
JLZUZNKTTIRERF-UHFFFAOYSA-N,c1ccc(cc1)C(c2ccccc2)=C(c3ccccc3)c4ccccc4,-0.840478568,20,Reaxys
JMKXWKLOUNEPMY-UHFFFAOYSA-N,O=N(=O)/C(N(=O)=O)=S/1CCCC1,-3.39725362,20,Reaxys
JTGMTYWYUZDRBK-UHFFFAOYSA-N,Cc1c2ccccc2c(C)c3ccccc13,-0.852073862,20,Reaxys
JUTIJVADGQDBGY-UHFFFAOYSA-N,c1ccc2C3C4c5ccccc5C(C(c2c1)c6ccccc36)c7ccccc47,-2.552019331,25,Reaxys
JUVIOZPCNVVQFO-HBGVWJBISA-N,COc1cc2OC[C@H]3Oc4c5C[C@@H](Oc5ccc4C(=O)[C@H]3c2cc1OC)C(C)=C,-0.666544407,20,Reaxys
JUYSLKGFKJWMCH-UHFFFAOYSA-N,CCCC(=CC(O)=O)c1ccccc1,0.426625697,22,Reaxys
JXKYZFOIAYHFNI-ISLYRVAYSA-N,CCc1cc(O)ccc1N=Nc2ccc(cc2)C(C)=O,-0.647291755,30,Reaxys
JYGXADMDTFJGBT-VWUMJDOOSA-N,C[C@]12CCC(=O)C=C1CC[C@H]3[C@@H]4CC[C@](O)(C(=O)CO)[C@@]4(C)C[C@H](O)[C@H]23,-3.445323923,25,Reaxys
JYMZGBAJQCQZCZ-UHFFFAOYSA-N,O=c5c1ccccc1c6c2ccccc2c7c(=O)c3ccccc3c8c4ccccc4c5c6c78,-3.840084003,20,Reaxys
JZFDKGFWNSQAHU-UHFFFAOYSA-N,CCc1ccc(cc1)C(=O)c2ccccc2C(O)=O,-0.912776034,29.62,Reaxys
JZUTXVTYJDCMDU-MOPGFXCFSA-N,COc1ccc2[C@H](OC(=O)c2c1OC)[C@@H]3N(C)CCc4cc5OCOc5cc34,-0.892961108,15,Reaxys
KAIFVTULVGBPRY-UHFFFAOYSA-N,CCOC(=O)C(=NNc1ccccc1OC)C#N,-0.94009421,18,Reaxys
KBEQLIYKBJSPNY-NRUUGDAUSA-N,CCOC(=O)NC1CC2CC[C@]1(C)C2(C)C,-1.173843997,NA,Reaxys
KBLFLMTZLPQGIF-UHFFFAOYSA-N,O=C1CCCCCCCCN1,-0.465092002,22,Reaxys
KFTHUBZIEMOORC-ARJAWSKDSA-N,C\C=C(\C)C(N)=O,-1.522233474,20,Reaxys
KFTHUBZIEMOORC-ONEGZZNKSA-N,C\C=C(/C)C(N)=O,-0.907584355,20,Reaxys
KGCNHWXDPDPSBV-UHFFFAOYSA-N,[O-][N+](=O)c1ccc(CCl)cc1,-0.421566245,30,Reaxys
KMIDAEMDWKIDAL-UHFFFAOYSA-N,CC(=O)Oc1ccc(Cl)c2c(OC(C)=O)ccc(Cl)c12,-1.5926444,NA,Reaxys
KMPWYEUPVWOPIM-KODHJQJWSA-N,O[C@@H]([C@@H]1C[C@@H]2CCN1C[C@@H]2C=C)c3ccnc4ccccc34,-2.423217846,25,Reaxys
KOLSSZDJOTWLQW-UHFFFAOYSA-N,BrC(SC#N)C(Br)SC#N,-1.085573957,16,Reaxys
KOOOGBROHMNAPU-UHFFFAOYSA-N,[O-][N+](=O)c1ccccc1C(=O)N=[N+]=[N-],-0.261918872,20,Reaxys
KQIIQHABYHQKFG-UHFFFAOYSA-N,C=CC(=O)Nc1cc(F)c(Br)c(F)c1,-2.105104492,23.19,Reaxys
KTXHLWZQKQDFRF-ZHACJKMWSA-N,[O-][N+](=O)c1ccccc1\C=C\C(=O)c2ccccc2,-0.835359734,20,Reaxys
KUAZQDVKQLNFPE-UHFFFAOYSA-N,CN(C)C(=S)SSC(=S)N(C)C,-0.701577016,30,Reaxys
KWGLQTAUQVZWCE-UHFFFAOYSA-N,Cc1ccc(cc1)N(c2ccc(C)cc2)c3cccc(C)c3,-0.232009418,16,Reaxys
KXGNFVJBSLJUTL-DGCLKSJQSA-N,c1ccc(cc1)NC(=O)N1C(C[C@@H](C[C@H]1C)O)(C)C,0.037047142,NA,Reaxys
KZNICNPSHKQLFF-UHFFFAOYSA-N,O=C1CCC(=O)N1,-2.167031491,20,Reaxys
LAWHHRXCBUNWFI-UHFFFAOYSA-N,CCCCCC(C(O)=O)C(O)=O,-1.41487513,25,Reaxys
LDVLVMRFNCMVLS-UHFFFAOYSA-N,NC(=O)C(O)c1ccc(Cl)cc1,-2.625148694,22,Reaxys
LDVVMCZRFWMZSG-OLQVQODUSA-N,ClC(Cl)(Cl)SN1C(=O)[C@H]2CC=CC[C@H]2C1=O,-1.149599259,26,Reaxys
LGGDXXJAGWBUSL-BKRJIHRRSA-N,COc1ccc2C[C@@H]3[C@@H]4CC[C@H](OC(C)=O)[C@@H]5Oc1c2[C@]45CCN3C,-0.634717957,20,Reaxys
LGHUDNBYQSBDCT-UHFFFAOYSA-N,CC(=O)O[I](OC(C)=O)c1cccc(c1)[N+]([O-])=O,-1.166840827,NA,Reaxys
LILPOSVDSDEBCD-UHFFFAOYSA-N,N#CSCCSC#N,-0.840965168,17,Reaxys
LOOJXSYHZHCBMU-UHFFFAOYSA-N,CCCC(CCC)(C(=O)NO)C1CCCCC1,-0.638280143,26,Reaxys
LOUPRKONTZGTKE-LHHVKLHASA-N,COc1ccc2nccc([C@H](O)[C@H]3C[C@@H]4CCN3C[C@@H]4C=C)c2c1,-1.435382236,25,Reaxys
LPTITAGPBXDDGR-IBEHDNSVSA-N,CC(=O)OC[C@H]1O[C@@H](OC(C)=O)[C@H](OC(C)=O)[C@@H](OC(C)=O)[C@@H]1OC(C)=O,-0.497994303,25,Reaxys
LQDFBFVNDDEUKX-UHFFFAOYSA-N,Cc1cccc(c1)N=Nc2ccc(O)cc2,-0.892983945,30,Reaxys
LSAOZCAKUIANSQ-UHFFFAOYSA-N,CC1(C(=O)NC(=O)NC1=O)c2ccccc2,-3.183542592,20,Reaxys
LTHCSWBWNVGEFE-UHFFFAOYSA-N,CCCCCCCC(N)=O,-1.523330774,20,Reaxys
LTUUGSGSUZRPRV-UHFFFAOYSA-N,Cc1cccc(n1)C(O)=O,-1.095765126,20,Reaxys
LULAYUGMBFYYEX-UHFFFAOYSA-N,OC(=O)c1cccc(Cl)c1,-1.375161842,15,Reaxys
LVEZJGGQISTLBD-UHFFFAOYSA-N,[O-][N+](=O)c1ccc(cc1)C2OCC3(CO2)COC(OC3)c4ccc(cc4)[N+]([O-])=O,-2.048313378,NA,Reaxys
LVLNPXCISNPHLE-UHFFFAOYSA-N,Oc1ccc(Cc2ccccc2O)cc1,-1.404797714,25,Reaxys
LVZVHGWKJUGCNO-UHFFFAOYSA-N,OC(=O)CCCC(=O)NNC(=O)c1ccccc1,-1.522914612,25,Reaxys
LWBHHRRTOZQPDM-UHFFFAOYSA-N,OC(=O)CCCCCCCCCC(O)=O,-3.824304507,25,Reaxys
LXKCZUOSRQSRHW-UHFFFAOYSA-N,CCCCCCCCCCCCC(O)CCCCC(O)=O,-1.632720421,NA,Reaxys
LZTRCELOJRDYMQ-UHFFFAOYSA-N,OC(c1ccccc1)(c2ccccc2)c3ccccc3,-0.255544509,25,Reaxys
MBOQVJIBAPJWKN-UHFFFAOYSA-N,CCOC(=O)c1ccc(C)cc1NC(C)=O,0.313612393,20,Reaxys
MBPFAXVDKWKWNX-UHFFFAOYSA-N,ClCc1c(Br)cc(Br)cc1Br,-0.569895461,20,Reaxys
MBUKWVQKGHOBTG-UHFFFAOYSA-N,[O-][N+](=O)c1cccc(c1)C(=O)N=[N+]=[N-],-0.136980136,20,Reaxys
MCJGNVYPOGVAJF-UHFFFAOYSA-N,Oc1cccc2cccnc12,0.185868316,19,Reaxys
MCRZWYDXIGCFKO-UHFFFAOYSA-N,CCCCC(C(O)=O)C(O)=O,-2.618624393,25,Reaxys
MENUYOGJCXAFFU-UHFFFAOYSA-N,N#CC(=NNc1ccccc1)C#N,-0.310699476,25,Reaxys
MGNCLNQXLYJVJD-UHFFFAOYSA-N,Clc1nc(Cl)nc(Cl)n1,-0.044531471,25,Reaxys
MGUZTXXISNAEDO-UHFFFAOYSA-N,OC(c1ccc(cc1)c2ccccc2)C(=O)c3ccc(cc3)c4ccccc4,-1.622311274,NA,Reaxys
MGXGEFQCJBBKND-UHFFFAOYSA-N,Oc1ccc(cc1)C=C2CCCC(=Cc3ccc(O)cc3)C2=O,-3.486233478,19,Reaxys
MHOOPNKRBMHHEC-HZIBQTDNSA-N,C\C=C\C1=CC(=O)[C@H](O)[C@H]1O,-2.886958609,NA,Reaxys
MJNSVQRYNOXLHZ-RTWAWAEBSA-N,COc1cc2OC[C@H]3Oc4c(CCC(C)C)c(O)ccc4C(=O)[C@H]3c2cc1OC,-1.99832038,25,Reaxys
MJVAVZPDRWSRRC-UHFFFAOYSA-N,CC1=CC(=O)c2ccccc2C1=O,0.086426364,26.28,Reaxys
MNCUCCJMXIWMJJ-UHFFFAOYSA-N,N#CSC=CSC#N,-0.698070007,17,Reaxys
MNNLUFVMZSSCJT-UHFFFAOYSA-N,Oc1ccc(cc1)N=Nc2ccc(Cl)cc2,-0.876459712,30,Reaxys
MQCPOLNSJCWPGT-UHFFFAOYSA-N,Oc1ccccc1Cc2ccccc2O,-0.840526284,25,Reaxys
MRQIXHXHHPWVIL-ISLYRVAYSA-N,O=C\1C=Cc2ccccc2C1=N/Nc3ccccc3,-0.781209421,24.85,Reaxys
MTIKNMBLKUFLKL-UHFFFAOYSA-N,OC(=O)c1ccc(Cl)cc1Nc2ccccc2,-1.615741442,16,Reaxys
MUPFCCVZEUACLO-AATRIKPKSA-N,CCCC/C=C/C(N)=O,-1.656785224,20,Reaxys
MUPFCCVZEUACLO-WAYWQWQTSA-N,CCCC\C=C/C(N)=O,-0.066068749,20,Reaxys
MWPLVEDNUUSJAV-UHFFFAOYSA-N,c1ccc2cc3ccccc3cc2c1,-1.038971067,25,Reaxys
MWUSAETYTBNPDG-UHFFFAOYSA-N,Clc1ccc(cc1)C(=O)OC(=O)c2ccc(Cl)cc2,-1.589187993,30,Reaxys
MZDYAVCNKNXCIS-ARJAWSKDSA-N,CC\C=C/C(N)=O,-0.484338481,20,Reaxys
MZDYAVCNKNXCIS-ONEGZZNKSA-N,CC\C=C\C(N)=O,-1.907584355,20,Reaxys
MZRSAJZDYIISJW-UHFFFAOYSA-N,O=C(C=[P](c1ccccc1)(c2ccccc2)c3ccccc3)c4ccccc4,-0.718962843,26,Reaxys
NDFWFDYXWIBARB-ISLYRVAYSA-N,Cc1cc(C)c(O)c(c1)N=Nc2ccc(cc2)C(C)=O,-0.41352337,30,Reaxys
NEXDKMDYLSGXLN-VMPITWQZSA-N,c1cc(cc(c1)Cl)C=C(C(=O)O)Br,-0.339838257,NA,Reaxys
NHRIWEKOARVHSN-UHFFFAOYSA-N,COc1c(c(cc(c1[N+]([O-])=O)[N+]([O-])=O)[N+]([O-])=O)[N+]([O-])=O,-1.326752675,29,Reaxys
NIHNNTQXNPWCJQ-UHFFFAOYSA-N,C1c2ccccc2c3ccccc13,0.149132746,24.84,Reaxys
NIMGTMNBWOVIHM-UHFFFAOYSA-N,O=C1CCCCCCCCCCCCCCN1,0.143056052,22,Reaxys
NJOXSODFMZIZJD-UHFFFAOYSA-N,Cc1ccc(O)c(c1)N=Nc2ccccc2,-0.076849601,30,Reaxys
NMIUCCCFPUEILN-UHFFFAOYSA-N,COC1=CC(=O)C(=C2OC(=CC=C12)c3ccccc3)C,-1.685001954,20,Reaxys
NODIXMQDAGGDJQ-UHFFFAOYSA-N,C(=CC=CC=Cc1ccccc1)C=CC=Cc2ccccc2,-3.357021106,19,Reaxys
NOIRTYMOEFHJRM-UHFFFAOYSA-N,COCN1C(=O)c2ccccc2C1=O,-0.36063907,25,Reaxys
NRDWUPPIGBHWAS-ZJUUUORDSA-N,CCC[C@H]1CC2=C(C[C@@H](CC)CC3=C1C(=O)OC3=O)C(=O)OC2=O,-0.64653834,20,Reaxys
NRJPVIOTANUINF-UHFFFAOYSA-N,Oc1ccc(cc1)N=Nc2ccc(cc2)[N+]([O-])=O,-1.924984809,30,Reaxys
NTEQGUOUNBBNKZ-QURGRASLSA-N,CC(=O)c1cccc(c1)N=Nc2cc(ccc2O)c3ccccc3,-0.771634878,30,Reaxys
NUVPXAUGUJCZAI-QZQOTICOSA-N,CCC(C)(C)c1ccc(O)c(c1)N=Nc2ccc(cc2)C(C)=O,-0.476427265,30,Reaxys
NZHXEWZGTQSYJM-UHFFFAOYSA-N,BrC(c1ccccc1)(c2ccccc2)c3ccccc3,0.029586852,25,Reaxys
NZXYYWMLCFKCPV-UHFFFAOYSA-N,COc1cc(c(c(c1OC)[N+]([O-])=O)[N+]([O-])=O)[N+]([O-])=O,-0.917901574,18,Reaxys
OCBCARWPRGBCGF-UHFFFAOYSA-N,Oc1ccc(cc1)N=Nc2cccc(Cl)c2,-0.618733559,30,Reaxys
ODTSCSXVTPSHPK-UHFFFAOYSA-N,OC1(N(CCBr)C(=O)c2ccccc12)c3ccccc3,-1.624649091,19,Reaxys
OENYBIZVWXUXCG-UHFFFAOYSA-N,NC(=O)C(O)c1cccc(Cl)c1,-2.946382076,22,Reaxys
OETISESXIXCPAD-UHFFFAOYSA-N,O=C1CCCCCCCCCCCCN1,-1.329362948,22,Reaxys
OFOBLEOULBTSOW-UHFFFAOYSA-N,OC(=O)CC(O)=O,-3.928660027,25,Reaxys
OHFMYIFFLOZSMF-UHFFFAOYSA-N,CC2(C)COP(=O)(NCCNP1(=O)OCC(C)(C)CO1)OC2,-3.150861982,24.99,Reaxys
OLBYFEGTUWWPTR-SQFISAMPSA-N,O/N=C(/c1ccccc1)C(=O)c2ccccc2,-0.194327676,33.5,Reaxys
OLVPZKMXZBVFAM-UHFFFAOYSA-N,CCCCCCCCCCC(C)(C)C(=O)NO,-1.999982157,26,Reaxys
ONBYIMHQEQLHBZ-UHFFFAOYSA-N,c1ccc2C#CC#Cc3ccccc3C#CC#Cc2c1,-1.616797483,20,Reaxys
ONZOGXRINCURBP-AOOOYVTPSA-N,O=C(OCC(C)C)[C@@H](O)[C@H](O)C(=O)OCC(C)C,-0.24585023,20,Reaxys
OOSBCICQIJKSIO-UHFFFAOYSA-N,O=C(c1ccccc1)c2cccc3c(cccc23)C(=O)c4ccccc4,-1.429002933,25,Reaxys
OPOPTXYBSHDZOM-UHFFFAOYSA-N,CCCCC(CC)CC(CC)(CC)C(=O)NO,0,26,Reaxys
OQIQNXUBIATXQJ-GDNBJRDFSA-N,CCOC(=O)C(=NNc1cccc(Br)c1)C#N,-1.607385594,15,Reaxys
ORILYTVJVMAKLC-UHFFFAOYSA-N,C1C2CC3CC1CC(C2)C3,-0.83006313,20,Reaxys
OROGSEYTTFOCAN-DNJOTXNNSA-N,COc1ccc2C[C@@H]3[C@@H]4C=C[C@H](O)[C@@H]5Oc1c2[C@]45CCN3C,-0.476208277,25,Reaxys
OULGPEGCMIIUQN-UHFFFAOYSA-N,CCCCCC(CC)=NNC(N)=O,-0.469843114,20,Reaxys
OXNIZHLAWKMVMX-UHFFFAOYSA-N,Oc1c(cc(cc1[N+]([O-])=O)[N+]([O-])=O)[N+]([O-])=O,-0.482089511,22.4,Reaxys
PBQLPYWWRPIKQW-UHFFFAOYSA-N,[O-][N+](=O)c1cc(c(ON=C(c2ccccc2)c3ccccc3)c(c1)[N+]([O-])=O)[N+]([O-])=O,-0.870645408,NA,Reaxys
PCTSKBFIBUMUSL-UHFFFAOYSA-N,Cl[P](Cl)(Cl)=N[S](=O)(=O)c1ccc2ccccc2c1,-0.778874472,19,Reaxys
PDLXUMBZNQXZBK-VZUCSPMQSA-N,CCOC(=O)C(C)(N=[N+]=[N-])C(C)=NNC(N)=O,0.138636039,NA,Reaxys
PDRGHUMCVRDZLQ-WMZOPIPTSA-N,C[C@]12CCc3c(ccc4cc(O)ccc34)[C@@H]1CCC2=O,-2.368988937,30,Reaxys
PDZIFGIQUYFQGK-UHFFFAOYSA-N,O=C1CCCc2c1[nH]c3ccccc23,-0.768892997,20,Reaxys
PEGCITODQASXKH-UHFFFAOYSA-N,C[P](=O)(c1ccccc1)c2ccccc2,-0.17839989,24.97,Reaxys
PEJQKHLWXHKKGS-UHFFFAOYSA-N,Cl[P]1(=N[P](=N[P](=N[P](=N1)(Cl)Cl)(Cl)Cl)(Cl)Cl)Cl,-0.392769265,20,Reaxys
PEQHIRFAKIASBK-UHFFFAOYSA-N,c1ccc(cc1)C(c2ccccc2)(c3ccccc3)c4ccccc4,-1.602648604,20,Reaxys
PEXWJYDPDXUVSV-BQYQJAHWSA-N,C\C(=C/C(O)=O)c1ccccc1,0.015786616,21,Reaxys
PEXWJYDPDXUVSV-FPLPWBNLSA-N,C\C(=C\C(O)=O)c1ccccc1,-0.372644955,21,Reaxys
PFVCRIULCASTAH-ZMGSENCKSA-N,CC1(C)C2CC[C@@]1(C)C(=O)\C2=C(/O)c3ccccc3,0.105388087,17,Reaxys
PJANXHGTPQOBST-VAWYXSNFSA-N,c1ccc(cc1)\C=C\c2ccccc2,-0.246766311,19,Reaxys
PJHUABJTDFXYRQ-UHFFFAOYSA-N,[N-]=[N+]=NC(=O)c1ccccc1,0.774785161,20,Reaxys
PJYGUOOQKCIMEO-UHFFFAOYSA-N,CCCC(=O)NNC(=O)CCCC(=O)O,-2.30102397,25,Reaxys
PLPWYNVDCPPLMM-UHFFFAOYSA-N,Cc1ccc(cc1)N=Nc2ccc(O)cc2,-0.907224384,30,Reaxys
POULHZVOKOAJMA-UHFFFAOYSA-N,CCCCCCCCCCCC(O)=O,0.910290571,25,Reaxys
PPJVBBJMDLANLB-UHFFFAOYSA-N,[O-][N+](=O)c1ccc(c2c1cccc2[N+]([O-])=O)[N+]([O-])=O,-1.515356338,15,Reaxys
PQBRXQUGVASQBU-UHFFFAOYSA-N,Cc1cccc(C=NNc2ccc(cc2[N+]([O-])=O)[N+]([O-])=O)c1,-2.295674141,20,Reaxys
PRCOWBGHTCNVDZ-FPLPWBNLSA-N,CCCCCCC=CC(N)=O,0.512299784,20,Reaxys
QEIRHBKKYVWAOM-UHFFFAOYSA-N,Oc1ccc(cc1)C(O)(c2ccccc2)c3ccccc3,-1.61750544,20,Reaxys
QIGBRXMKCJKVMJ-UHFFFAOYSA-N,Oc1ccc(O)cc1,-2.740804655,NA,Reaxys
QIJZEVMDXMIRHM-AEMDVCDZSA-N,CCC12SC3SC(S1)SC(CC)(S3)S2,-1.3318306,NA,Reaxys
QIQXTHQIDYTFRH-UHFFFAOYSA-N,CCCCCCCCCCCCCCCCCC(O)=O,-1.131340971,20,Reaxys
QJGNSTCICFBACB-UHFFFAOYSA-N,CCCCCCCCC(C(O)=O)C(O)=O,-3.271932299,25,Reaxys
QLCFFBOGHZDLGO-UHFFFAOYSA-N,Clc1ccc2c3ccccc3C(=O)c4cccc1c24,-1.360352472,20,Reaxys
QMGVPVSNSZLJIA-FVWCLLPLSA-N,O=C1C[C@@H]2OCC=C3CN4CC[C@@]56[C@@H]4C[C@@H]3[C@@H]2[C@@H]5N1c7ccccc67,-1.700971947,25,Reaxys
QPKUOOVISUGIRK-UHFFFAOYSA-N,O=C(c1ccccc1)c2cccc3cccc(C(=O)c4ccccc4)c23,-1.057741262,25,Reaxys
QPUHWUSUBHNZCG-UWVGGRQHSA-N,O[C@H]1C=Cc2ccccc2[C@@H]1O,-1.778654954,23,Reaxys
QTPSDCFAVWZIJU-UHFFFAOYSA-N,OC1=C(CCCC2CCCCC2)C(=O)c3ccccc3C1=O,-0.655228685,20,Reaxys
QTQRHYLAOSURLC-UHFFFAOYSA-N,[O-][N+](=O)c1ccc2c(Cc3cc(Br)ccc23)c1,-2.025217553,18,Reaxys
QUVCQYQEIOLHFZ-UHFFFAOYSA-N,CC1(C)Oc2ccc3C=CC(=O)Oc3c2C=C1,-0.009360791,18,Reaxys
QYOOZBGIAMCUNQ-UHFFFAOYSA-N,OC1=C(O)C(=O)CCC1,-1.028462801,NA,Reaxys
QZLYZQUYIQGGOQ-UHFFFAOYSA-N,CCCCCCCCCCCCC(=O)CCCCC(O)=O,-1.599833602,25,Reaxys
RBOXVHNMENFORY-DNJOTXNNSA-N,COc1ccc2C[C@@H]3[C@@H]4CC[C@H](O)[C@@H]5Oc1c2[C@]45CCN3C,-0.349532325,20,Reaxys
RCNCKKACINZDOI-UHFFFAOYSA-N,Cc1cc(O)cc(O)c1C,-1.622435042,24.9,Reaxys
RCOUWKSZRXJXLA-UHFFFAOYSA-N,CCCC1(CCC)C(=O)NC(=O)NC1=O,-2.066774265,20,Reaxys
RJKGJBPXVHTNJL-UHFFFAOYSA-N,[O-][N+](=O)c1cccc2ccccc12,-0.324273039,25,Reaxys
RJWYTISHBMNMOZ-UHFFFAOYSA-N,Nc1ccc2c(Cc3cc(Br)ccc23)c1,-1.016759388,18,Reaxys
RKUNBYITZUJHSG-SPUOUPEWSA-N,CN1[C@@H]2CC[C@H]1CC(C2)OC(=O)C(CO)c3ccccc3,-0.554508694,15,Reaxys
RLHYRFVLZOSXDH-UHFFFAOYSA-N,CC(=O)Oc1ccc(OC(C)=O)c2C(=O)c3ccccc3C(=O)c12,-1.723331411,25,Reaxys
RMBFBMJGBANMMK-UHFFFAOYSA-N,Cc1ccc(cc1[N+]([O-])=O)[N+]([O-])=O,0.464896151,15,Reaxys
RNBWGWPKGHGLOY-AATRIKPKSA-N,CCOC(=O)\C=C(/C)NC(C)=O,-0.035717002,18,Reaxys
RNBWGWPKGHGLOY-WAYWQWQTSA-N,CCOC(=O)/C=C(/C)NC(C)=O,0.371768325,20,Reaxys
RNDOMZKEPZZDQT-UHFFFAOYSA-N,CCOC(=O)C(=NNc1ccc2ccccc2c1)C#N,-0.773764165,17,Reaxys
RRGUKTPIGVIEKM-UHFFFAOYSA-N,O=C1CCc2cc(OCCCCc3nnnn3C4CCCCC4)ccc2N1,-2.961194289,25,Reaxys
RRKTZKIUPZVBMF-IBTVXLQLSA-N,COc1cc2N3[C@H]4[C@@H]5[C@H](CC3=O)OCC=C6CN7CC[C@]4([C@@H]7C[C@H]56)c2cc1OC,-1.374156545,25,Reaxys
RTVRUUUUWHGNMM-UHFFFAOYSA-N,CCOC(=O)C(=NNc1ccc(cc1)[N+]([O-])=O)C#N,-1.768599812,18,Reaxys
RTZZCYNQPHTPPL-UHFFFAOYSA-N,Oc1cccc(c1)[N+]([O-])=O,-0.748909792,25,Reaxys
RYFIDGIWTNANMO-DIVCQZSQSA-N,c1ccc(cc1)[C@]2(c3c(cccc3)[C@](c4c2cccc4)(O)c5ccccc5)O,-2.08450955,17,Reaxys
RYYVLZVUVIJVGH-UHFFFAOYSA-N,Cn1cnc2N(C)C(=O)N(C)C(=O)c12,-1.279463121,25,Reaxys
RZVAJINKPMORJF-UHFFFAOYSA-N,CC(=O)Nc1ccc(O)cc1,-1.908809846,25,Reaxys
RZYNKBXUQOCKSI-UHFFFAOYSA-N,Cc5ccc(N(/C(=N/c1ccccc1)Nc2ccccc2)c4nc3cc(C)ccc3[nH]4)cc5,-1.789426964,15,Reaxys
SAMVPMGKGGLIPF-UHFFFAOYSA-N,OC(C(O)=O)c1cccc(Cl)c1,-1.837930711,22,Reaxys
SEDZROHEORUIGZ-OQLLNIDSSA-N,C\C(=N/Oc1c(cc(cc1[N+]([O-])=O)[N+]([O-])=O)[N+]([O-])=O)c2ccccc2,-0.211017704,25,Reaxys
SFVBWARTAYZWKI-UHFFFAOYSA-N,[O-][N+](=O)c1ccc(NN=Cc2ccc(Br)cc2)c(c1)[N+]([O-])=O,-3.164522971,20,Reaxys
SIOXPEMLGUPBBT-UHFFFAOYSA-N,OC(=O)c1ccccn1,-1.488236868,30,Reaxys
SIZDUQQDBXJXLQ-JGVFFNPUSA-N,CC(=O)[C@H]1C[C@@H](CC(O)=O)C1(C)C,0.685732139,20,Reaxys
SKRVQRQCLHCKBW-UHFFFAOYSA-N,CCCOCN1C(=O)c2ccccc2C1=O,0.057020215,NA,Reaxys
SLAMLWHELXOEJZ-UHFFFAOYSA-N,OC(=O)c1ccccc1[N+]([O-])=O,-1.78259426,25,Reaxys
SLCVBVWXLSEKPL-UHFFFAOYSA-N,CC(C)(CO)CO,-0.568645966,33.5,Reaxys
SLKHRJWWFSTBJC-AXTSPUMRSA-N,Cl[C@H]1[C@H](Cl)[C@@H](Cl)c2ccccc2[C@@H]1Cl,-0.282011262,20,Reaxys
SLSUKCXXFCZYMJ-UHFFFAOYSA-N,CSCC12CSCC(C1)C(=CC2=O)C,0.233182798,20,Reaxys
SMNDYUVBFMFKNZ-UHFFFAOYSA-N,OC(=O)c1occc1,-0.97019916,24.84,Reaxys
SODJJEXAWOSSON-UHFFFAOYSA-N,COc1ccc(c(O)c1)C(=O)c2ccc(OC)cc2O,-0.779675607,25,Reaxys
SSXZWAYXQSKEMV-UHFFFAOYSA-N,Cc1ccc(cc1)C(=O)C=Cc2ccccc2,0.34222424,21,Reaxys
STABAPSYCQFWOK-UHFFFAOYSA-N,OOC(=O)c1ccc(Cl)cc1,-0.908580662,20,Reaxys
STAOMSFSFGPGFQ-CMDGGOBGSA-N,CC\C(=C/C(O)=O)c1ccccc1,0.344821243,20,Reaxys
STAOMSFSFGPGFQ-HJWRWDBZSA-N,CC\C(=C\C(O)=O)c1ccccc1,0.028899692,20,Reaxys
SWJPEBQEEAHIGZ-UHFFFAOYSA-N,Brc1ccc(Br)cc1,0.494044405,25,Reaxys
SXWIAEOZZQADEY-UHFFFAOYSA-N,c1ccc(cc1)c2cc(cc(c2)c3ccccc3)c4ccccc4,-0.286505123,20,Reaxys
SYBUTYMIJPIFDK-UHFFFAOYSA-N,CCCCC(CCCC)(CCCC)C(=O)NO,-1.119177956,26,Reaxys
SZPCSERRBCRIJE-UHFFFAOYSA-N,c1ccc2c(c1)c3c4cccc5cccc(c45)c6c7ccccc7c8c9cccc%10cccc(c9%10)c2c8c36,-1.408933126,20,Reaxys
SZUJLGRGMJYCTC-SAPNQHFASA-N,N#C/C(c1ccccc1)=N(=O)/c2cccc(Cl)c2,-0.774933372,19,Reaxys
TUNFSRHWOTWDNC-UHFFFAOYSA-N,CCCCCCCCCCCCCC(O)=O,0.049238397,20,Reaxys
TUXYZHVUPGXXQG-UHFFFAOYSA-N,OC(=O)c1ccc(Br)cc1,-2.769211002,20,Reaxys
TXPIFPRFLHLZFE-OVCLIPMQSA-N,[O-][N+](=O)c1ccc(N/N=C/c2ccc(I)cc2)c(c1)[N+]([O-])=O,-3.035264331,20,Reaxys
TYMLOMAKGOJONV-UHFFFAOYSA-N,Nc1ccc(cc1)[N+]([O-])=O,-1.415999566,25,Reaxys
UATJOMSPNYCXIX-UHFFFAOYSA-N,[O-][N+](=O)c1cc(cc(c1)[N+]([O-])=O)[N+]([O-])=O,-0.595103096,17,Reaxys
UBIJTWDKTYCPMQ-UHFFFAOYSA-N,Cl[P]1(=N[P](=N[P](=N1)(Cl)Cl)(Cl)Cl)Cl,-0.108690891,20,Reaxys
UBNOUEFUWQCVFM-KTKRTIGZSA-N,CCCCCCCC\C=C/C(N)=O,-0.175447737,20,Reaxys
UBNOUEFUWQCVFM-MDZDMXLPSA-N,CCCCCCCC/C=C/C(N)=O,-1.843522888,20,Reaxys
UCAHGXFXBRSTPX-UHFFFAOYSA-N,[O-][N+](=O)c1ccc(Oc2c(cc(cc2[N+]([O-])=O)[N+]([O-])=O)[N+]([O-])=O)c(c1)[N+]([O-])=O,-1.930035861,23,Reaxys
UCZJPQIEFFTIEV-UHFFFAOYSA-N,COC1=C(C)C(=O)C=C2OC(=CC=C12)c3ccccc3,-1.881296599,18,Reaxys
UDBJDRBHDDMKDQ-UHFFFAOYSA-N,OC(=O)C(O)(CCl)c1ccccc1,-1.770899639,18,Reaxys
UDTWZFJEMMUFLC-NSHDSACASA-N,CC[C@]1(NC(=O)NC1=O)c2ccccc2,-3.009085289,24,Reaxys
UFBFHOIDTILMDS-MXVIHJGJSA-N,OC(=O)[C@@H]1c2ccccc2[C@@H](C(=O)c3ccccc3)c4ccccc14,-1.641298242,20,Reaxys
UFBJCMHMOXMLKC-UHFFFAOYSA-N,Oc1ccc(cc1[N+]([O-])=O)[N+]([O-])=O,-0.51638858,15,Reaxys
UHWJMXASZSKFEO-UHFFFAOYSA-N,[O-][N+](=O)c1ccc(Nc2ccc(cc2[N+]([O-])=O)[N+]([O-])=O)c(c1)[N+]([O-])=O,-2.095440049,15,Reaxys
UJHIVOCEDKLHRM-UHFFFAOYSA-N,CCOC(=O)c1ccc(NC(C)=O)cc1C,-0.703420946,20,Reaxys
UJOBWOGCFQCDNV-UHFFFAOYSA-N,[nH]1c2ccccc2c3ccccc13,-1.435660101,15.5,Reaxys
UKFXDFUAPNAMPJ-UHFFFAOYSA-N,CCC(C(O)=O)C(O)=O,-3.002360051,NA,Reaxys
UMVOQQDNEYOJOK-UHFFFAOYSA-N,Cc1cc(C)cc(c1)C(O)=O,-0.862736204,20,Reaxys
UNMSQGCYXOMOAC-UHFFFAOYSA-N,[O-][N+](=O)OCCN(c1c(cc(cc1[N+]([O-])=O)[N+]([O-])=O)[N+]([O-])=O)[N+]([O-])=O,-1.771309128,25,Reaxys
UPFSMSDGKQSRLD-UHFFFAOYSA-N,CCCCCCC(C(O)=O)C(O)=O,-1.846449466,NA,Reaxys
UROTXSKVENIXIY-UHFFFAOYSA-N,Oc1ccc(cc1)N=Nc2ccccc2Cl,-0.24525747,30,Reaxys
UTMLDQRMPCLKEF-UHFFFAOYSA-N,CN(C)c1ccc(cc1)C(=Nc2ccc(N)cc2)c3ccc(cc3)N(C)C,-1.364140502,20,Reaxys
UUIFLJWUCFHTEW-UHFFFAOYSA-N,CCC1CCCCC1OC(=O)c2ccccc2C(=O)O,-0.156504393,17,Reaxys
UWKOOOMCKYNLFU-UHFFFAOYSA-N,Oc1ccc(cc1Cl)N=Nc2ccccc2,-0.063451727,30,Reaxys
UWTDXUCLTQHOJU-FPLPWBNLSA-N,COc1ccccc1C(/C)=C\C(O)=O,-0.427467058,21,Reaxys
UXYRZRFBRUPVBU-UHFFFAOYSA-N,C(C=CC=CC=Cc1ccccc1)=CC=CC=Cc2ccccc2,-3.713825025,19,Reaxys
UYIFTLBWAOGQBI-BZDYCCQFSA-N,C[C@]12CC[C@H]3[C@@H](CCc4cc(OC(=O)c5ccccc5)ccc34)[C@@H]1CC[C@@H]2O,-1.098639112,20,Reaxys
VAOCPAMSLUNLGC-UHFFFAOYSA-N,Cc1ncc(n1CCO)[N+]([O-])=O,-0.187076494,25,Reaxys
VBURFXNYFZMQOV-UHFFFAOYSA-N,Nc1cccc(C=NNc2ccc(cc2[N+]([O-])=O)[N+]([O-])=O)c1,-3.364999561,NA,Reaxys
VDXTZTHFZIKUCY-UHFFFAOYSA-N,Cc1cc2C(=O)c3ccccc3c4c2c(c1)c5cc(C)cc6C(=O)c7ccccc7c4c56,-3.334529936,23,Reaxys
VFZDNKRDYPTSTP-QUBYGPBYSA-N,CC1(C)[C@H]2CC[C@]1(C)C(=O)OC2=O,-0.52151522,20,Reaxys
VGMJYYDKPUPTID-UHFFFAOYSA-N,CCc1ccc(O)cc1O,-1.138024757,24.9,Reaxys
VKCNNDPZFOVURD-SECBINFHSA-N,C[C@@H](C(O)=O)c1cccc2ccccc12,0.331421669,25,Reaxys
VKYKSIONXSXAKP-UHFFFAOYSA-N,C1N2CN3CN1CN(C2)C3,-1.842478898,20,Reaxys
VMTOMMQSWIGTKJ-SAPNQHFASA-N,N#C/C(c1ccccc1)=N(=O)/c2ccccc2Cl,-0.537254369,19,Reaxys
VOGKEZAPBBRLPB-UHFFFAOYSA-N,CCCCCCC(CCC)(CCC)C(=O)NO,-0.610830638,26,Reaxys
VOIZNVUXCQLQHS-UHFFFAOYSA-N,OC(=O)c1cccc(Br)c1,-1.129002803,20,Reaxys
VOXZDWNPVJITMN-ZBRFXRBCSA-N,C[C@]12CC[C@H]3[C@@H](CCc4cc(O)ccc34)[C@@H]1CC[C@@H]2O,-2.760288511,30,Reaxys
VQDJODAWOFNASI-UHFFFAOYSA-N,CCCC(C(O)=O)C(O)=O,-2.506270568,25,Reaxys
VRFDFWYTHFTWQA-UHFFFAOYSA-N,OC(C(N=[N+]=[N-])c1ccccc1)C(O)=O,-0.520486677,NA,Reaxys
VUDZRNXTJQCBKO-UHFFFAOYSA-N,NC(=O)C(Br)(Br)Cc1ccccc1,-1.009995901,NA,Reaxys
VUGBXRWVNRCWIQ-UHFFFAOYSA-N,COc1ccccc1N=Nc2ccc(O)cc2,-1.374513995,30,Reaxys
VVHZACUTABVSIH-WUKNDPDISA-N,CC(=O)c1ccc(cc1)N=Nc2cc(Cl)ccc2O,-1.088125655,30,Reaxys
VYWYYJYRVSBHJQ-UHFFFAOYSA-N,OC(=O)c1cc(cc(c1)[N+]([O-])=O)[N+]([O-])=O,-2.369076072,25,Reaxys
VZCYOOQTPOCHFL-UPHRSURJSA-N,OC(=O)\C=C/C(O)=O,-2.742015861,25,Reaxys
WBYWAXJHAXSJNI-VOTSOKGWSA-N,OC(=O)\C=C\c1ccccc1,-1.056790548,NA,Reaxys
WDECIBYCCFPHNR-UHFFFAOYSA-N,c1ccc2c(c1)ccc3c4ccccc4ccc23,-1.769556786,20,Reaxys
WDZGGAFMGIOIQS-DHZHZOJOSA-N,[O-][N+](=O)c1ccc(/C=C/C(=O)c2ccccc2)cc1,-1.251793355,26,Reaxys
WEFGJDSWBHPXOK-UHFFFAOYSA-N,COc1ccc(cc1)N=Nc2ccc(O)cc2,-1.095760394,30,Reaxys
WIWBHSNVCVVVOB-UZYVYHOESA-N,CCCCc1ccc(cc1)\C(=N\Nc2ccc(C)cc2)C(O)=O,-0.508019325,20,Reaxys
WJFKNYWRSNBZNX-UHFFFAOYSA-N,N1c2ccccc2Sc3ccccc13,-0.812316622,20,Reaxys
WLJVNTCWHIRURA-UHFFFAOYSA-N,OC(=O)CCCCCC(O)=O,-2.963223993,25,Reaxys
WLWFNJKHKGIJNW-UHFFFAOYSA-N,CN1C(=O)CC(C1=O)c2ccccc2,0.665550839,25,Reaxys
WMRCTEPOPAZMMN-UHFFFAOYSA-N,CCCCCCCCCCCC(C(O)=O)C(O)=O,-3.326703008,25,Reaxys
WOIGZSBYKGQJGL-UHFFFAOYSA-N,C=CCC1(C(=O)NC(=O)NC1=O)c2ccccc2,-2.126571704,20,Reaxys
WPYMKLBDIGXBTP-UHFFFAOYSA-N,OC(=O)c1ccccc1,-0.12610793,25,Reaxys
WQGWDDDVZFFDIG-UHFFFAOYSA-N,Oc1cccc(O)c1O,-2.237086256,25,Reaxys
WQWMWDWQMVRGRP-UHFFFAOYSA-N,Cc1cc(C)c(CC(C)(C)C(=O)NO)c(C)c1,-1.657591748,26,Reaxys
WSEJSEYNXSBBRS-UHFFFAOYSA-N,CCCCCCCC=NNC(N)=O,-0.23841898,20,Reaxys
WTYGAUXICFETTC-UHFFFAOYSA-N,CCC1(C(=O)NC(=O)NC1=O)C2=CCCCC2,-1.955109128,20,Reaxys
WULPUQZASCZTPO-UHFFFAOYSA-N,O=C1CCCCCCCCCN1,-1.076283953,22,Reaxys
WURBFLDFSFBTLW-UHFFFAOYSA-N,O=C(c1ccccc1)C(=O)c2ccccc2,0.390657296,25,Reaxys
WWWHYESRWDHLIX-PEZBUJJGSA-N,[O-][N+](c1ccccc1)=C(C#N)c2ccccc2,-0.498644836,21,Reaxys
XCDXSSFOJZZGQC-UHFFFAOYSA-N,ClCCN(CCCl)c1ccc2ccccc2c1,0.474653884,15,Reaxys
XDOBGTROEORTFM-UHFFFAOYSA-N,CN(C)c1ccc(cc1)C(=NC(=O)c2ccccc2)c3ccc(cc3)N(C)C,-1.603796042,16,Reaxys
XECWCIGULVRDKS-UHFFFAOYSA-N,OC(C=CC(O)(c1ccccc1)c2ccccc2)(c3ccccc3)c4ccccc4,-3.398479204,24,Reaxys
XHKBEIYZVFBVAM-UHFFFAOYSA-N,CCCCCCCCCCCCCC(=O)NO,-1.15490196,26,Reaxys
XJCVRTZCHMZPBD-UHFFFAOYSA-N,Nc1cccc(c1)[N+]([O-])=O,-0.807836975,25,Reaxys
XJHDMGJURBVLLE-BOCCBSBMSA-N,C[C@H]1[C@@H]2CC[C@@]3(C)C=CC(=O)C(=C3[C@H]2OC1=O)C,-0.730469196,20,Reaxys
XJKSTNDFUHDPQJ-UHFFFAOYSA-N,c1ccc(cc1)c2ccc(cc2)c3ccccc3,-1.244122266,20,Reaxys
XLAJFSRYFUHAPW-UHFFFAOYSA-N,[O-][N+](=O)c1cc(c(c(c1)[N+]([O-])=O)[N+]([O-])=O)[N+]([O-])=O,-1.109455147,23,Reaxys
XMTQQYYKAHVGBJ-UHFFFAOYSA-N,CN(C)C(=O)Nc1ccc(Cl)c(Cl)c1,-2.499875251,25,Reaxys
XPTKCHZHKMVCSX-WUKNDPDISA-N,CCc1c(N=Nc2ccccc2O)c(O)cc(C)c1c3ccccc3,0.477141134,30,Reaxys
XRHGYUZYPHTUJZ-UHFFFAOYSA-N,OC(=O)c1ccc(Cl)cc1,-2.470429908,20,Reaxys
XRTGYBHBFOYLOB-UHFFFAOYSA-N,OC(CCC(O)(c1ccccc1)c2ccccc2)(c3ccccc3)c4ccccc4,-3.109489168,NA,Reaxys
XRXMNWGCKISMOH-UHFFFAOYSA-N,OC(=O)c1ccccc1Br,-1.265213368,20,Reaxys
XSFBJOCBRNOCCE-VYDXJSESSA-N,CC1(C)C2CC[C@@]1(C)C(C2)N=Cc3ccccc3,-1.080538556,NA,Reaxys
XUWHAWMETYGRKB-UHFFFAOYSA-N,O=C1CCCCN1,0.90774067,22,Reaxys
XVBIIFGQJLUPRR-UHFFFAOYSA-N,CCOC(=O)C(=NNc1ccccc1[N+]([O-])=O)C#N,-0.498903775,18,Reaxys
XVLCHDINOZBBPB-UHFFFAOYSA-N,CCOc1nc2nc(Cl)nc(Cl)c2n1C,-0.392844623,NA,Reaxys
YAOUORFQUQWGHU-CLFYSBASSA-N,c1(ccc(cc1)/C(=C\C(=O)O)/C)C,-0.231656761,20,Reaxys
YAOUORFQUQWGHU-VQHVLOKHSA-N,Cc1ccc(cc1)C(/C)=C/C(O)=O,-0.88856542,20,Reaxys
YDCFNPFXXJRYCZ-UHFFFAOYSA-N,[O-][N+](=O)c1cc(c(C(=O)N=[N+]=[N-])c(c1)[N+]([O-])=O)[N+]([O-])=O,-1.507943623,20,Reaxys
YDLSUFFXJYEVHW-UHFFFAOYSA-N,O=C1CCCCCCCN1,0.365336625,22,Reaxys
YGPLLMPPZRUGTJ-UHFFFAOYSA-N,C1c2ccccc2c3c1c4c(Cc5ccccc45)c6c3Cc7ccccc67,-2.978281988,20,Reaxys
YGSDEFSMJLZEOE-UHFFFAOYSA-N,OC(=O)c1ccccc1O,-1.307759578,25,Reaxys
YGTUPRIZNBMOFV-UHFFFAOYSA-N,OC(=O)c1ccccc1C(=O)c2ccc(O)cc2,-3.301444352,21,Reaxys
YJHZQWSSAFUAIG-UHFFFAOYSA-N,Cc1cc(ccc1O)N=Nc2ccccc2,-0.497967732,30,Reaxys
YLQWCDOCJODRMT-UHFFFAOYSA-N,O=C1c2ccccc2c3ccccc13,0.519243772,23,Reaxys
YMTUIACUSNJPBV-UHFFFAOYSA-N,CCOc1ccc2nc3cc(ccc3c(Cl)c2c1)[N+]([O-])=O,-1.70288556,20,Reaxys
YODZTKMDCQEPHD-UHFFFAOYSA-N,OCCSCCO,-1.115140672,25,Reaxys
YRNWIFYIFSBPAU-UHFFFAOYSA-N,CN(C)c1ccc(cc1)c2ccc(cc2)N(C)C,-1.079810517,18,Reaxys
YSEMBYWAAKOCKW-UHFFFAOYSA-N,Oc1ccc(cc1)C=C2CCC(=Cc3ccc(O)cc3)C2=O,-3.465879329,20,Reaxys
YSFZWUJOBANROZ-UHFFFAOYSA-N,CCCCCCCC(C(O)=O)C(O)=O,-2.401017236,25,Reaxys
YTRMTPPVNRALON-UHFFFAOYSA-N,OC(=O)c1cc(nc2ccccc12)c3ccccc3,-3.030918291,21,Reaxys
YUWFEBAXEOLKSG-UHFFFAOYSA-N,Cc1c(C)c(C)c(C)c(C)c1C,-0.387229525,20,Reaxys
YVGGHNCTFXOJCH-UHFFFAOYSA-N,Clc1ccc(cc1)C(c2ccc(Cl)cc2)C(Cl)(Cl)Cl,0.322319043,30,Reaxys
YVUQSNJEYSNKRX-UHFFFAOYSA-N,Fc1ccc(cc1)C(CCCN2CCC(CC2)N3C(=O)Nc4ccccc34)c5ccc(F)cc5,-2.141130509,25,Reaxys
YYGJRRYSYLLCQH-UHFFFAOYSA-N,Cc1c(cc(c(O)c1[N+]([O-])=O)[N+]([O-])=O)[N+]([O-])=O,-0.313006034,17,Reaxys
YZOMFHYSOYQBFP-UHFFFAOYSA-N,OC(=O)c1c2ccccc2c(c3ccccc3)c4c(c5ccccc5)c6ccccc6c(c7ccccc7)c14,-3.523396116,20,Reaxys
ZBJSGOMTEOPTBH-UHFFFAOYSA-N,Cl[S](=O)(=O)c1ccc2c(c1)cc(cc2[S](Cl)(=O)=O)[S](Cl)(=O)=O,-0.654767962,20,Reaxys
ZCFSWYZFGJAUKK-UHFFFAOYSA-N,Cc1ccc(C)c(c1[N+]([O-])=O)[N+]([O-])=O,-0.116525836,15,Reaxys
ZCJLOOJRNPHKAV-ONEGZZNKSA-N,OC(=O)/C=C/c1occc1,-1.083361151,19,Reaxys
ZCJLOOJRNPHKAV-UHFFFAOYSA-N,OC(=O)C=Cc1occc1,-1.005719859,24.84,Reaxys
ZDASUJMDVPTNTF-UHFFFAOYSA-N,Oc1c(Br)cc(Br)c2cccnc12,-0.879315266,NA,Reaxys
ZDZHCHYQNPQSGG-UHFFFAOYSA-N,c1ccc2c(c1)cccc2c3cccc4ccccc34,-0.568637943,20,Reaxys
ZENGMMQJMCPHTK-UHFFFAOYSA-N,C(C=CC=Cc1ccccc1)=CC=Cc2ccccc2,-2.333049073,19,Reaxys
ZIYVHBGGAOATLY-UHFFFAOYSA-N,CC(C(O)=O)C(O)=O,-3.652584084,25,Reaxys
ZKPLTLWJBLZUSM-UHFFFAOYSA-N,Cc1cc(c(C)c(c1[N+]([O-])=O)[N+]([O-])=O)[N+]([O-])=O,-0.984365267,15,Reaxys
ZPMFMUZPHAGSQR-PQJIZZRHSA-N,C1=C(C(=CC2=C1OCCC2(C(=O)C3=CC=C4C(=C3O[H])C[C@@H](O4)C(C)C)[H])OC)OC,-0.407255773,25,Reaxys
ZPTVNYMJQHSSEA-UHFFFAOYSA-N,Cc1ccc(cc1)[N+]([O-])=O,0.91133309,15,Reaxys
ZPUCINDJVBIVPJ-LJISPDSOSA-N,COC(=O)[C@H]1[C@H](C[C@@H]2CC[C@H]1N2C)OC(=O)c3ccccc3,0.460548654,NA,Reaxys
ZQAGMWKKYVHQKG-UHFFFAOYSA-N,CCCCc1c(O)cc(C)cc1O,-1.026130102,24.9,Reaxys
ZQBAKBUEJOMQEX-UHFFFAOYSA-N,Oc1ccccc1C(=O)Oc2ccccc2,0.558928709,30,Reaxys
ZRIHAIZYIMGOAB-UHFFFAOYSA-N,CCC(C)C1(CC)C(=O)NC(=O)NC1=O,-2.162492797,20,Reaxys
ZRRFZADKYTXPJU-WPRPVWTQSA-N,COC(C)C(NC(=O)c1ccccc1)C(O)=O,-0.445796448,25,Reaxys
ZTMADXFOCUXMJE-UHFFFAOYSA-N,Cc1c(O)cccc1O,-1.144457574,24.9,Reaxys
ZUOUZKKEUPVFJK-UHFFFAOYSA-N,c1ccc(cc1)c2ccccc2,0.732112358,25,Reaxys
ZUTCJXFCHHDFJS-UHFFFAOYSA-N,[O-][N+](=O)c1cccc2c1cccc2[N+]([O-])=O,-1.815363959,16,Reaxys
ZVNLUXZZYVQUTE-UHFFFAOYSA-N,OC[P]1(=O)Oc2ccccc2c3ccccc13,-2.164161321,27.53,Reaxys
ZVNYJIZDIRKMBF-UHFFFAOYSA-N,COc1ccc(cc1OC)C(=O)N2CCN(CC2)c3ccc4NC(=O)CCc4c3,-3.789551538,25,Reaxys
ZWFHVYLMPFPMKA-UHFFFAOYSA-N,Cc1ccc2[nH]c(Nc3ccccc3)nc2c1,-2.327158636,15,Reaxys
ZWLPBLYKEWSWPD-UHFFFAOYSA-N,Cc1ccccc1C(O)=O,-0.138627526,21.1,Reaxys
ZXVONLUNISGICL-UHFFFAOYSA-N,Cc1cc(cc(c1O)[N+]([O-])=O)[N+]([O-])=O,0.215501725,15,Reaxys
ZYLCQMSHBJVMBX-UHFFFAOYSA-N,CN(C)c1ccc(cc1)C(=Nc2ccccc2N)c3ccc(cc3)N(C)C,-1.139498852,17,Reaxys
