StdInChIKey,SMILES,LogS,T,Source
AADVZSXPNRLYLV-XRXNUMIJSA-N,c1ccc2c(c1)c1CCN3C[C@@H]4CC[C@@H]([C@@H]([C@H]4C[C@H]3c1[nH]2)C(=O)O)O,-2.122892155,16.5,Reaxys
ABFDTYJJUSUWRB-UHFFFAOYSA-N,CN(C)c1ccc(cc1)N=C=Nc1ccc(cc1)N(C)C,-1.772342835,21,Reaxys
ACGUYXCXAPNIKK-UHFFFAOYSA-N,C(c1c(c(cc(c1O)Cl)Cl)Cl)c1c(c(cc(c1O)Cl)Cl)Cl,0.089474843,20,Reaxys
ACMLKANOGIVEPB-UHFFFAOYSA-N,c1ccc2c(c1)cc(C(=O)O)c(=O)o2,-2.823897322,20,Reaxys
AECGEIVNZGQBJT-UHFFFAOYSA-N,c1ccc(cc1)C(c1ccccc1)(c1ccccc1)SCCC(=O)O,-2.110796646,20,Reaxys
AFHJQYHRLPMKHU-GIWDNFATSA-N,c1cc2C(c3cc(cc(c3C(=O)c2c(c1)O)O)CO)C1[C@@H]([C@H]([C@@H]([C@@H](CO)O1)O)O)O,-1.445595972,18,Reaxys
AFPHTEQTJZKQAQ-UHFFFAOYSA-N,c1cc(cc(c1)[N+](=O)[O-])C(=O)O,0.408412743,25,Reaxys
AGPKZVBTJJNPAG-UHFFFAOYSA-N,CCC(C)C(C(=O)O)N,-2.493568977,25,Reaxys
AGUIVNYEYSCPNI-UHFFFAOYSA-N,CN(c1c(cc(cc1[N+](=O)[O-])[N+](=O)[O-])[N+](=O)[O-])[N+](=O)[O-],-1.83088487,18,Reaxys
AHAMSJOYQAFMCP-UHFFFAOYSA-N,C[n+]1ccc2cc(c(cc2c1Cc1ccc(c(c1)OC)OC)OC)[O-],-1.416756969,20,Reaxys
AIWAFUBJIYAIGI-UHFFFAOYSA-N,CCCC(=O)NCCNC(=O)CCC,-0.164919184,25,Reaxys
ALUFYZNLZVVCAA-UHFFFAOYSA-N,C=C(C)C1CC(=O)C(C)C(=O)C1,-0.277683685,18,Reaxys
ANADDXJINIYFJZ-UHFFFAOYSA-N,c1cc(ccc1N)S(=O)(=O)NC(CO)(CO)CO,-1.482794438,20,Reaxys
ANNNHXBSGYPBEY-UHFFFAOYSA-N,COc1ccc(c(c1)OC)N=Cc1ccc(cc1)c1ccccc1,-2.06048026,22,Reaxys
AOZXETLGPZAZNK-UHFFFAOYSA-N,CCOc1c(cc(cc1[N+](=O)[O-])[N+](=O)[O-])[N+](=O)[O-],-1.290243154,15,Reaxys
APZGKGHAXUURNO-UHFFFAOYSA-N,CC12SC3(C)SC(C)(S1)SC(C)(S2)S3,-0.711484813,20,Reaxys
ASWVTGNCAZCNNR-UHFFFAOYSA-N,Cc1cc(C)nc(n1)NS(=O)(=O)c1ccc(cc1)N,-3.681525248,24.99,Reaxys
AXTHVITXCLTTHB-UHFFFAOYSA-N,c1c(cc(c(c1Cl)OP(=O)(O)Oc1c(cc(cc1Cl)Cl)Cl)Cl)Cl,-0.634478221,25,Reaxys
AYFVYJQAPQTCCC-GBXIJSLDSA-N,C[C@H]([C@@H](C(=O)O)N)O,-2.230886645,25,Reaxys
AZQWKYJCGOJGHM-UHFFFAOYSA-N,C1=CC(=O)C=CC1=O,-0.528663663,18,Reaxys
BAQAVOSOZGMPRM-QBMZZYIRSA-N,C([C@@H]1[C@H]([C@@H]([C@@](CCl)(O1)O[C@@H]1[C@@H]([C@H]([C@H]([C@@H](CO)O1)Cl)O)O)O)O)Cl,-0.610212632,24.99,Reaxys
BBNYCLAREVXOSG-UHFFFAOYSA-N,CCCCCCCCCCCCCCCC(=O)OC(CO)CO,-3.855481051,25,Reaxys
BBQDLDVSEDAYAA-AATRIKPKSA-N,c1ccc(c(c1)/C=C/C(=O)O)[N+](=O)[O-],-1.969944603,25,Reaxys
BBUVDDPUURMFOX-SAABIXHNSA-N,C[C@H]1CC[C@@H](CC1)n1c2cnccc2c2cnc(Nc3ccc4CN(CCc4n3)C(=O)CO)nc12,-2.673538801,20,Reaxys
BDDYZHKLKHFEBJ-UHFFFAOYSA-N,c1ccc(cc1)C(=O)OCOC(=O)c1ccccc1,-1.113495321,24,Reaxys
BDJRBEYXGGNYIS-UHFFFAOYSA-N,C(CCCC(=O)O)CCCC(=O)O,-0.032780167,23.1,Reaxys
BDZVJQHQHIFHSH-UHFFFAOYSA-N,COc1ccc(cc1)C(c1ccccc1)(C(c1ccccc1)(c1ccc(cc1)OC)O)O,-2.851780004,25,Reaxys
BEKZHETVNVFYCV-UHFFFAOYSA-N,c1cc2cc(cc(c2c(c1)[N+](=O)[O-])[N+](=O)[O-])[N+](=O)[O-],-2.757471948,23,Reaxys
BEQVQKJCLJBTKZ-UHFFFAOYSA-N,c1ccc(cc1)P(=O)(c1ccccc1)O,-0.817557062,24.91,Reaxys
BGJVYSMLCJNCJV-UHFFFAOYSA-N,CCC(C)(CC)OC(=O)NC(=O)N,-1.325291914,18,Reaxys
BHXIVVULYOMXPF-UHFFFAOYSA-N,CCC(=O)N(c1ccc(cc1)N(C)C)C(=O)Nc1ccc(cc1)N(C)C,-3.14716535,20,Reaxys
BMDXUEGXLYOKJV-UHFFFAOYSA-N,Cc1cc(C)c(c(C)c1)C(=O)C(C(c1ccccc1)c1ccccc1)Br,-2.279553947,25,Reaxys
BMRYPQYWSJESHA-UHFFFAOYSA-N,C(C(=O)NCC(=O)O)NC(=O)N,-2.940199207,25,Reaxys
BOFXVYGDIRCHEQ-FPYZNPETSA-N,CO[C@@H]1[C@@H]([C@H]([C@H]([C@@H](C(=O)O)O1)O)O)O,-0.36417146,20,Reaxys
BOJSVPWDUXGPEE-YXJPLFFZSA-N,CC(=Cc1ccco1)C=NNC(=O)N,-2.071174513,22,Reaxys
BOOLNDQTRIDYQF-UHFFFAOYSA-N,c1ccc(cc1)OC(=O)NC(=O)N,-1.674740629,20,Reaxys
BOSMZFBHAYFUBJ-UHFFFAOYSA-N,Cc1ccc(cc1)OP(=O)(Oc1ccc(C)cc1)Oc1ccc(C)cc1,-0.715024726,25,Reaxys
BOTZEHKIPCIHDX-UHFFFAOYSA-N,COc1ccc(cc1)c1cc(c2ccc(c(c2)OC)O)c(C#N)c(=O)[nH]1,-1.927672678,24.99,Reaxys
BQNWWHFSEXYHKU-UHFFFAOYSA-N,C(CCC(=O)O)CCNC(=O)N,-2.121462376,25,Reaxys
BQSJTQLCZDPROO-UHFFFAOYSA-N,CC(C)COc1ccc(cc1C#N)c1nc(C)c(C(=O)O)s1,-1.519664904,24.99,Reaxys
BRVGOAJFDSDGKU-UHFFFAOYSA-N,c1ccc(cc1)COc1ccc(cc1)c1cc(COC(=O)N)on1,-2.334903897,20,Reaxys
BSBOERCAIOUPOJ-UHFFFAOYSA-N,Cc1ccc(cc1)OC(=O)NC(=O)N,-1.84106883,18,Reaxys
BXRFQSNOROATLV-UHFFFAOYSA-N,c1cc(ccc1C=O)[N+](=O)[O-],-0.42481882,26,Reaxys
BZKPWHYZMXOIDC-UHFFFAOYSA-N,CC(=O)Nc1nnc(s1)S(=O)(=O)N,-1.752447265,25,Reaxys
CAKGAFQQGMIOJG-UHFFFAOYSA-N,CC(C)C1CCC(C)C(C1)OC(=O)NC(=O)N,-2.026450829,17,Reaxys
CCORPVHYPHHRKB-NXUCFJMCSA-N,CCC(=O)O[C@H]1CC[C@@]2(C)C(=CC[C@H]3[C@@H]4CC[C@H]([C@H](C)CCCC(C)C)[C@@]4(C)CC[C@H]23)C1,-2.044075036,20,Reaxys
CDZFBBLHHNZLCF-CSOYKPOESA-N,CC(=O)O[C@H]1CC[C@@]2(C)C(=CC[C@H]3[C@@H]4CCC(=NNC(=O)N)[C@@]4(C)CC[C@H]23)C1,-2.287266367,20,Reaxys
CFBBKHROQRFCNZ-UHFFFAOYSA-N,c1ccc(cc1)C(=O)C(c1ccccc1)(c1ccccc1)c1ccccc1,-2.500740305,19,Reaxys
CFKGXXNWAGBBFU-UHFFFAOYSA-N,CCOC(=O)c1c(C)oc2cc3c(cc12)oc(C)c3C(=O)OCC,-3.823909179,20,Reaxys
CFWGPCJQHBUSSK-UHFFFAOYSA-N,COc1cc(ccc1O)c1cc(c2ccc(cc2)F)[nH]c(=O)c1C#N,-1.884503851,24.99,Reaxys
CIWBSHSKHKDKBQ-JLAZNSOCSA-N,C([C@@H]([C@@H]1C(=C(C(=O)O1)O)O)O)O,-1.190535841,24.99,Reaxys
CJGPZIZFKYDOBC-SFTDATJTSA-N,CCCCCCCC[C@H]([C@@H](CCCCCCCCCCCC(=O)O)[N+](=O)[O-])O,-0.338961823,18,Reaxys
CJTCFFRJBBMUBJ-UHFFFAOYSA-N,CCCOC(=O)NC(=O)N,-1.28972567,17,Reaxys
CKAPSXZOOQJIBF-UHFFFAOYSA-N,c1(c(c(c(c(c1Cl)Cl)Cl)Cl)Cl)Cl,-3.627094614,25,Reaxys
CKDZWMVGDHGMFR-GTPODGLVSA-N,CCCC(=O)O[C@H]1CC[C@@]2(C)C(=CC[C@H]3[C@@H]4CC[C@H]([C@H](C)CCCC(C)C)[C@@]4(C)CC[C@H]23)C1,-2.057621417,20,Reaxys
CKEVMZSLVHLLBF-UHFFFAOYSA-N,CCCCCCCCCCCCCCCC(=O)OCc1ccccc1,-1.124014873,16,Reaxys
CMWTZPSULFXXJA-VIFPVBQESA-N,C[C@@H](c1ccc2cc(ccc2c1)OC)C(=O)O,-0.270813985,25,Reaxys
CNQITZURXNIVBU-UHFFFAOYSA-N,CCCCS(=O)(=O)NNC(=O)C(c1ccccc1)(c1ccccc1)O,-0.298151846,21,Reaxys
COLNVLDHVKWLRT-UHFFFAOYSA-N,c1ccc(cc1)CC(C(=O)O)N,-2.579499754,25,Reaxys
CPYIRRUXUIUUPR-UHFFFAOYSA-N,c1cc2c(cc1COC(=O)NC(=O)N)OCO2,-2.557397822,16.5,Reaxys
CRPHWKXKBBBHLU-AIECOIEWSA-N,C(C1C(C2C(O1)OC(C(Cl)(Cl)Cl)O2)O)O,-0.456474038,20,Reaxys
CUCUKLJLRRAKFN-KKIBXBACSA-N,Cc1c(c(C(=O)C)c2c(c1O)[C@@]1(C)C(=CC(=O)C(C(=O)C)C1=O)O2)O,-3.042182953,24.99,Reaxys
CVHZOJJKTDOEJC-UHFFFAOYSA-N,c1ccc2c(c1)C(=O)NS2(=O)=O,-1.064624923,22.5,Reaxys
CVPXQMUHAZMTEO-UHFFFAOYSA-N,CC1=C(CCC1(C)C)C(=O)O,0.134109574,15,Reaxys
CWRYPZZKDGJXCA-UHFFFAOYSA-N,c1cc2cccc3CCc(c1)c23,-1.971432302,25,Reaxys
CXMXRPHRNRROMY-UHFFFAOYSA-N,C(CCCCC(=O)O)CCCC(=O)O,-0.482479538,24.99,Reaxys
CYRRHDGXDUVPMO-ZASXJUAOSA-N,C=C[C@@H]1[C@@H]2CCNC(=O)C2=CO[C@H]1O[C@H]1[C@@H]([C@H]([C@@H]([C@@H](CO)O1)O)O)O,-1.403012021,20,Reaxys
CZGCEKJOLUNIFY-UHFFFAOYSA-N,c1cc(ccc1Cl)[N+](=O)[O-],-0.360673591,17,Reaxys
DBJHCHBDQALOAS-XWIAVFTESA-N,c1cc2c(c3CN[C@H]4c5cc6c(cc5C[C@H]([C@H]4c13)O)OCO6)OCO2,-1.823075118,21.5,Reaxys
DBPYGJOORSXBMI-UHFFFAOYSA-N,c1ccc2c(c1)cccc2OP(=O)(Oc1cccc2ccccc12)Oc1cccc2ccccc12,-2.678033738,25,Reaxys
DCAYPVUWAIABOU-UHFFFAOYSA-N,CCCCCCCCCCCCCCCC,-0.123006146,25.05,Reaxys
DDGUCOCCCYXUCX-MZCGDCDISA-N,C(=C\c1ccco1)/C=N/NC(=O)N,-1.483907359,22,Reaxys
DDPOPNULNSDSKL-UHFFFAOYSA-N,CCC(=O)NNC(=O)CC,0.15053329,20,Reaxys
DEPKBIFUJLGOBH-UHFFFAOYSA-N,c1ccc(cc1)c1cccc(c1)N=Cc1ccc(cc1)[N+](=O)[O-],-1.917214297,22,Reaxys
DFPAKSUCGFBDDF-UHFFFAOYSA-N,c1cc(cnc1)C(=O)N,-0.096910013,24.99,Reaxys
DFQHFXCKNSCDFW-UHFFFAOYSA-N,c1cc(ccc1Cl)OP(=O)(Oc1ccc(cc1)Cl)Oc1ccc(cc1)Cl,-1.854937284,25,Reaxys
DHNCWGKMISNJQG-UHFFFAOYSA-N,CN(C(=O)C(=O)N(C)[N+](=O)[O-])[N+](=O)[O-],-1.547635776,20,Reaxys
DIKMWTRJIZQJMY-CYFREDJKSA-N,C=CC(C)(C)c1c(C[C@H]2C(=O)N[C@@H](C)C(=O)N2)c2cc(CC=C(C)C)cc(CC=C(C)C)c2[nH]1,-2.710068449,23,Reaxys
DIWPMFYAXKQRRI-JXAWBTAJSA-N,CCOC(=O)C(C)SC1=N/C(=C\c2ccccc2)/C(=O)N1c1ccccc1,-1.756386539,20,Reaxys
DKMZFFROTLTIPQ-UHFFFAOYSA-N,c1ccc(cc1)N(c1ccccc1)C(=O)N1CCCCC1,-0.814263086,20,Reaxys
DKYWVDODHFEZIM-UHFFFAOYSA-N,CC(c1cccc(c1)C(=O)c1ccccc1)C(=O)O,0.557583436,25,Reaxys
DNDPLEAVNVOOQZ-UHFFFAOYSA-N,c1(c(c(Cl)nc(c1Cl)Cl)Cl)Cl,-1.857437968,24,Reaxys
DPJCXCZTLWNFOH-UHFFFAOYSA-N,c1ccc(c(c1)N)[N+](=O)[O-],0.202103636,25,Reaxys
DPZFRJOHZAISME-UHFFFAOYSA-N,CC1CCC(CC1)C(C)(C)OC(=O)NC(=O)N,-2.129113171,17,Reaxys
DPZSNGJNFHWQDC-ARJAWSKDSA-N,C(#N)/C(=C(\C#N)/N)/N,-0.477535246,25,Reaxys
DQQLZADYSWBCOX-UHFFFAOYSA-N,C(C1C(=O)NC(=O)N1)C(=O)O,-1.850860257,25,Reaxys
DRAKXEGHHALOHS-UHFFFAOYSA-N,CCCCCCCCCCOC(=O)NC(=O)N,-2.542885865,20.7,Reaxys
DRGIJTNVBHIOFB-UHFFFAOYSA-N,c1ccc(cc1)c1cccc(c1[N+](=O)[O-])O,-0.156767152,25,Reaxys
DSSYKIVIOFKYAU-XCBNKYQSSA-N,CC1(C)[C@@H]2CC[C@@]1(C)C(=O)C2,0.972403313,25,Reaxys
DTVXJINHUJSUDF-KTKRTIGZSA-N,CCN(CC)CCOC(=O)c1ccc(cc1)NC(=O)/C=C\C(=O)O,-3.31785744,15,Reaxys
DTWMUZVZPXOTII-UHFFFAOYSA-N,Cc1cc(C)c(c(c1[N+](=O)[O-])[N+](=O)[O-])[N+](=O)[O-],-1.301321832,20,Reaxys
DWTSYTGLYWRMAZ-LXGJOWSGSA-N,C=C(C)C1C/C(=N/Nc2ccccc2)/C(=C(C1)/N=N/c1ccccc1)C,-1.510299339,18,Reaxys
DYIOSHGVFJTOAR-JGWLITMVSA-N,C([C@H]([C@H]([C@@H]([C@H](CS)O)O)O)O)O,-1.066742368,20,Reaxys
DZQISOJKASMITI-UHFFFAOYSA-N,CCCCCCCCCCP(=O)(O)O,-0.522888515,20,Reaxys
FATBKZJZAHWCSL-UHFFFAOYSA-N,c1c(c(Cl)nc(c1Cl)Cl)Cl,-0.433878987,24.8,Reaxys
FBFHQXIENYXRKB-UHFFFAOYSA-N,c1ccc(cc1)/N=N/c1ccc(cc1)Oc1nc(Cl)nc(Cl)n1,-2.31657923,25,Reaxys
FBMORZZOJSDNRQ-GLQYFDAESA-N,C=C1CCC[C@]2(C)C[C@]3(C(=C(C)C(=O)O3)C[C@@H]12)O,-0.858778798,25.04,Reaxys
FBPFZTCFMRRESA-KVTDHHQDSA-N,C([C@H]([C@H]([C@@H]([C@@H](CO)O)O)O)O)O,-2.886123037,25,Reaxys
FDBNCQRSJCGNHW-UHFFFAOYSA-N,c1ccc(cc1)COC(=O)NCCCCCC(=O)NCCCCCC(=O)NCCCCCC(=O)O,-1.753001822,20,Reaxys
FDDJKDJSDPCMJE-UHFFFAOYSA-N,Cc1cc(ccc1OCC(=O)Nc1ccccc1)Cl,-1.399099211,25,Reaxys
FEWJPZIEWOKRBE-JCYAYHJZSA-N,[C@@H]([C@H](C(=O)O)O)(C(=O)O)O,0.161805214,25,Reaxys
FFDGPVCHZBVARC-UHFFFAOYSA-N,CN(C)CC(=O)O,0.090993157,25,Reaxys
FFGPTBGBLSHEPO-UHFFFAOYSA-N,c1ccc2c(c1)C=Cc1ccccc1N2C(=O)N,-1.101572489,25,Reaxys
FGHCYIPZQUMLRQ-UHFFFAOYSA-N,C1=C(C(=O)C(=CC1=O)Br)Br,-1.248609112,20,Reaxys
FHHCKYIBYRNHOZ-UHFFFAOYSA-N,c1ccc(cc1)c1c[nH]c(c2ccccc2)n1,-0.241601153,25,Reaxys
FIQMHBFVRAXMOP-UHFFFAOYSA-N,c1ccc(cc1)P(=O)(c1ccccc1)c1ccccc1,0.265996328,26,Reaxys
FMXDVBRYDYFVGS-UHFFFAOYSA-N,COc1c(cc(cc1[N+](=O)[O-])[N+](=O)[O-])[N+](=O)[O-],-1.11385346,15,Reaxys
FOGXJPFPZOHSQS-AYVLZSQQSA-N,CCCC(=O)O[C@@]1(CC[C@H]2[C@@H]3CCC4=CC(=O)CC[C@]4(C)[C@H]3[C@H](C[C@]12C)O)C(=O)COC(=O)CC,0.072203685,25,Reaxys
FPBODWXATDKICU-FLFWOSPYSA-N,CCCCCC(=O)O[C@H]1CC[C@@]2(C)C(=CC[C@H]3[C@@H]4CC[C@H]([C@H](C)CCCC(C)C)[C@@]4(C)CC[C@H]23)C1,-2.208446731,20,Reaxys
FPWNLURCHDRMHC-UHFFFAOYSA-N,c1ccc(cc1)c1ccc(cc1)Cl,-0.250254149,25,Reaxys
FVWJYYTZTCVBKE-ROUWMTJPSA-N,C=C(C)[C@@H]1CC[C@@]2(CC[C@]3(C)[C@H](CC[C@@H]4[C@@]5(C)CC[C@@H](C(C)(C)[C@@H]5CC[C@@]34C)O)[C@@H]12)CO,-2.813182486,25.04,Reaxys
FWSMXVXIXPWASU-KACYJRNJSA-N,CCCCC(=O)O[C@H]1CC[C@H]2[C@@H]3CCc4cc(ccc4[C@H]3CC[C@]12C)OC(=O)c1ccccc1,-1.663336191,20,Reaxys
FXRUPEZGPCYOMZ-NSDJQYKISA-N,C1CCC2C(C1)C1CC2NC2CCCC(NC3CC(C4CCCCC34)NC3CCCC(N1)N3)N2,-2.505874587,24.9,Reaxys
FYMCICGEGWOUKR-VAWYXSNFSA-N,c1cc(cc(c1)N=NC(=O)N)C(=O)N,-1.541361267,15,Reaxys
FYZQVMBINHTUBS-UHFFFAOYSA-N,C1CCC(C(C1)Cl)SC1CCCCC1Cl,-0.730356187,25,Reaxys
FZERHIULMFGESH-UHFFFAOYSA-N,CC(=O)Nc1ccccc1,0.225767129,20,Reaxys
GBJFSZCDZHSAOP-PWNYCUMCSA-N,CC(C(C(=O)O)O)(C(=O)O)O,-1.199537073,25,Reaxys
GECHUMIMRBOMGK-UHFFFAOYSA-N,c1ccnc(c1)NS(=O)(=O)c1ccc(cc1)N,-2.020133127,21,Reaxys
GGGVOOMKPJYWDF-UHFFFAOYSA-N,Cc1c(cc(c(C)c1[N+](=O)[O-])[N+](=O)[O-])[N+](=O)[O-],-2.791240668,20,Reaxys
GHKISGDRQRSCII-ZOCIIQOWSA-N,CN1Cc2c(ccc3c2OCO3)[C@H]2[C@H](Cc3cc4c(cc3[C@@H]12)OCO4)O,-2.196053303,23,Reaxys
GIAZCNVNDGIJFY-UHFFFAOYSA-N,Cc1ccc2c(c1)nc(Nc1ccccc1)n2/C(=N\c1ccccc1)/Nc1ccccc1,-2.76918539,15,Reaxys
GMKAATQEQAGDMI-BYYHNAKLSA-N,c1ccc(cc1)N(c1ccccc1)c1ccc(cc1)/N=N/c1nc2ccc(cc2s1)N(=O)=O,-3.698977699,25,Reaxys
GNWNYBJYSRXKHH-UHFFFAOYSA-N,c1ccc(cc1)CCCOC(=O)NC(=O)N,-2.150930393,16.5,Reaxys
GNXFOGHNGIVQEH-UHFFFAOYSA-N,COc1ccccc1OCC(COC(=O)N)O,-1.13076721,24.99,Reaxys
GOIHGMXICPCUBK-UHFFFAOYSA-N,COc1cc(ccc1O)c1cc(c2ccc(cc2)O)[nH]c(=O)c1C#N,-1.894535791,24.99,Reaxys
GONDWPCTSYVHPW-UHFFFAOYSA-N,CCCCCCCCCC(=O)N(c1ccc(cc1)N(C)C)C(=O)Nc1ccc(cc1)N(C)C,-3.214442783,20,Reaxys
GPWJVXHWELIFNF-UHFFFAOYSA-N,C(CCCCCCC(=O)O)CCCCCC1CCCC1,-1.175426029,20,Reaxys
GRWAIJBHBCCLGS-UHFFFAOYSA-N,C(C(=O)O)n1cnnn1,0.183613807,25.06,Reaxys
GTWYIBUMQLFGEI-UHFFFAOYSA-N,COc1ccccc1NC(C(Cl)(Cl)Cl)Nc1ccccc1OC,-1.176880379,25,Reaxys
GVEPBJHOBDJJJI-UHFFFAOYSA-N,c1ccc2c(c1)c1cccc3cccc2c13,-1.030859923,25,Reaxys
GVPWHKZIJBODOX-UHFFFAOYSA-N,c1ccc(cc1)CSSCc1ccccc1,-1.487020034,26.39,Reaxys
GXRXKUSNUUMIRW-WOVMCDHWSA-N,c1ccc(cc1)[C@@H]1OC[C@@H](CO1)OC(=O)c1ccc(cc1)Br,-1.861185401,26,Reaxys
GYDWWIHJZSCRGV-UHFFFAOYSA-N,CCCCCCCCCCCCCCC1CCC(=O)O1,-1.500602863,25,Reaxys
GZLPBJKBZMALAG-OCOZRVBESA-N,c1ccc(cc1)Nc1ccc(cc1)/N=N/c1ccc(c2ccccc12)N(=O)=O,-2.614399475,25,Reaxys
GZSGTFDLLISMMA-UHFFFAOYSA-N,CC(=O)Nc1ccc(cc1Cl)Cl,-0.790293243,20,Reaxys
HCXVJBMSMIARIN-PHZDYDNGSA-N,CC[C@H](/C=C/[C@@H](C)[C@H]1CC[C@H]2[C@@H]3CC=C4C[C@H](CC[C@]4(C)[C@H]3CC[C@]12C)O)C(C)C,-0.78418759,25,Reaxys
HDCICIWMRHHDMV-UHFFFAOYSA-N,c1ccc(cc1)P(=S)(NN)NN,-1.630430753,25,Reaxys
HEBKCHPVOIAQTA-SCDXWVJYSA-N,C([C@@H]([C@H]([C@@H](CO)O)O)O)O,-1.382822954,25.12,Reaxys
HEFNNWSXXWATRW-UHFFFAOYSA-N,CC(C)Cc1ccc(cc1)C(C)C(=O)O,0.408240294,24.99,Reaxys
HGSSAIQANLKYII-UHFFFAOYSA-N,C=C(C)C1CCC(C)CC1OC(=O)NC(=O)N,-1.960801637,17,Reaxys
HHDJWYOCRHVJHS-UHFFFAOYSA-N,CCC(CC)(Cc1ccc(C)cc1)C(=O)NO,7.38E-06,26,Reaxys
HJHSNTOTXYILIV-UHFFFAOYSA-N,c1ccc(cc1)C1SC(c2ccccc2)SC(c2ccccc2)S1,-3.064857195,25,Reaxys
HJTVQHVGMGKONQ-UHFFFAOYSA-N,COc1cc(C=CC(=O)CC(=O)C=Cc2ccc(cc2)O)ccc1O,-0.876166503,20,Reaxys
HKEAFJYKMMKDOR-VPRICQMDSA-N,c1cc(ccc1c1coc2c(ccc(c2[C@H]2[C@@H]([C@H]([C@@H]([C@@H](CO)O2)O)O)O)O)c1=O)O,-0.637898744,25.05,Reaxys
HNDVDQJCIGZPNO-YFKPBYRVSA-N,C(c1c[nH]cn1)[C@@H](C(=O)O)N,-3.186447201,24.9,Reaxys
HOVVFNPKGWZRTE-UHFFFAOYSA-N,c1ccc2c(c1)c(c1cc(ccc1n2)F)N,-0.782730544,20,Reaxys
HQEMUQNZGCZHHN-UHFFFAOYSA-N,c1cc(cc(c1)[N+](=O)[O-])NC(=S)N,-0.692884357,20,Reaxys
HSAHGRJUNSBXSB-UHFFFAOYSA-N,CCC(C)(C)OC(=O)NC(=O)N,-1.189895628,15.5,Reaxys
HSCDTDKPEWGRNP-UHFFFAOYSA-N,CCN(CC)CCNC(=O)c1ccc(cc1)NC(=O)CCC(=O)O,-2.037161485,15,Reaxys
HSHHPGOVDSEFSQ-UHFFFAOYSA-N,C=CCNC(=O)N(c1ccccc1)c1ccccc1,-0.030876929,20,Reaxys
HTTPTALZHKXXDZ-UHFFFAOYSA-N,CCCCCCCCCOC(=O)NC(=O)N,-2.283125892,17,Reaxys
HTXPRECVNAFGMW-UHFFFAOYSA-N,CCCC(CCC)(c1ccccc1)C(=O)NO,7.38E-06,26,Reaxys
HUYYFHGIHVULSU-UHFFFAOYSA-N,c1cc(cc(c1)S(=O)(=O)N)S(=O)(=O)N,-1.29423285,25,Reaxys
HVYWMOMLDIMFJA-XWPGJHTNSA-N,CC(C)CCCC(C)[C@H]1CC[C@H]2[C@@H]3CC=C4C[C@H](CC[C@]4(C)[C@H]3CC[C@]12C)O,-1.242931359,18,Reaxys
HWVAWHHNNDOXDU-PTHRTHQKSA-N,CC(C)CCC[C@@H](C)[C@H]1CC[C@H]2[C@@H]3CC=C4C[C@H](CC[C@]4(C)[C@H]3CC[C@]12C)OC(=O)CC(C)C,-2.070758013,20,Reaxys
HWYURWPXXONSIA-UHFFFAOYSA-N,CC(C)CC(C)(C)OC(=O)NC(=O)N,-1.342109292,14,Reaxys
HXHWSAZORRCQMX-UHFFFAOYSA-N,CCCSc1ccc2c(c1)nc([nH]2)NC(=O)OC,-2.879728133,25,Reaxys
HXHZCOASPJWXPP-UHFFFAOYSA-N,c1cc2c(ccc(c2nc1)C(=O)O)[N+](=O)[O-],-2.356521808,25,Reaxys
HXQJFCWQLPRPRG-UHFFFAOYSA-N,Cc1ccc(cc1)N/C(=N/c1ccc(C)cc1)/n1c2ccc(C)cc2nc1Nc1ccc(C)cc1,-2.986980997,16,Reaxys
HYPKGPVDQYUOSV-UHFFFAOYSA-N,c1ccc(cc1)c1ccc(c(c1)O)[N+](=O)[O-],-1.218915059,25,Reaxys
HYRNQHVQTJQLFS-UHFFFAOYSA-N,c1ccc(cc1)C(c1ccccc1)C(c1ccccc1)(c1ccccc1)O,-2.891425943,19,Reaxys
HYXITZLLTYIPOF-UHFFFAOYSA-N,Cc1coc2c3ccc4c(CCCC4(C)C)c3C(=O)C(=O)c12,-2.530177734,20.14,Reaxys
HZKJLTIPRKRDQX-CCEZHUSRSA-N,CCCCCCCCC/C=C/C(=O)N(c1ccc(cc1)N(C)C)C(=O)Nc1ccc(cc1)N(C)C,-2.440378684,20,Reaxys
IACQEQUFUZZDDN-UHFFFAOYSA-N,C(CCCCCNCCCCN)CCCCC(=O)O,-2.532166538,20,Reaxys
IAHOUQOWMXVMEH-UHFFFAOYSA-N,c1c(cc(c(c1[N+](=O)[O-])N)[N+](=O)[O-])[N+](=O)[O-],-2.357119443,19.5,Reaxys
IBKMRGAZRIFOIV-UHFFFAOYSA-N,COc1cc(ccc1O)c1cc(c2ccc(cc2)Cl)[nH]c(=O)c1C#N,-1.903076474,24.99,Reaxys
ICYIIEFSHYSYRV-UHFFFAOYSA-N,COC(=O)NC(=O)N,-1.926092442,17,Reaxys
IDHNIUGMDFDUQG-UHFFFAOYSA-N,CCOc1ccc(c(c1)n1nc2ccccc2n1)NC(=O)C,-0.764203979,25,Reaxys
IDIAPTHVYXFGIN-UHFFFAOYSA-N,CC(=C1CC(=O)C(C)C(=O)C1)C,-0.402622421,18,Reaxys
IDYZIJYBMGIQMJ-UHFFFAOYSA-N,CCn1cc(c(=O)c2cc(c(nc12)N1CCNCC1)F)C(=O)O,-2.833490265,25,Reaxys
IEDVJHCEMCRBQM-UHFFFAOYSA-N,COc1cc(Cc2cnc(N)nc2N)cc(c1OC)OC,-1.933439276,24.79,Reaxys
IJSFSTLDSVKADA-UHFFFAOYSA-N,C(CCCCCNCCCCCCCCN)CCCCC(=O)O,-2.17416425,20,Reaxys
IKCLCGXPQILATA-UHFFFAOYSA-N,c1ccc(c(c1)C(=O)O)Cl,0.052120124,25,Reaxys
IKIIZLYTISPENI-ZFORQUDYSA-N,c1ccc(cc1)c1cc(=O)c2c(cc(c(c2O)O)O[C@H]2[C@@H]([C@H]([C@@H]([C@@H](C(=O)O)O2)O)O)O)o1,-2.484920005,25.04,Reaxys
IMNIMPAHZVJRPE-UHFFFAOYSA-N,C1CN2CCN1CC2,-0.798443109,24.99,Reaxys
IMTAQIPVTJOORO-UHFFFAOYSA-N,CC(=NNc1ccc(cc1[N+](=O)[O-])[N+](=O)[O-])c1ccccc1,-3.692187894,25,Reaxys
IOFIPYBBWBJZHS-UHFFFAOYSA-N,CC(C)(C)c1ccc(cc1)C(=O)NN(C)C,0.113018158,25,Reaxys
IOGCSUPDVDJIOL-CAPFRKAQSA-N,c1ccc(cc1)/C=C(\c1ccccc1)/C(=O)c1ccccc1,-1.374682678,20,Reaxys
IOPCEPCSTBOTEG-UHFFFAOYSA-N,c1ccc(c(c1)Cl)OP(=O)(O)Oc1ccccc1Cl,0.357035676,25,Reaxys
IOYHCQBYQJQBSK-UHFFFAOYSA-N,c1cc(c(cc1c1coc2cc(cc(c2c1=O)O)O)O)O,-0.901912418,18,Reaxys
IQHYCZKIFIHTAI-UHFFFAOYSA-N,c1cc(ccc1Cl)N1CC(=NC1=O)N1CCOCC1,-2.512234384,20,Reaxys
IQUIXDAEZQWEKG-UHFFFAOYSA-N,c1cc(ccc1C(=O)OCC(CO)O)Br,-0.234013975,26,Reaxys
IQUPABOKLQSFBK-UHFFFAOYSA-N,c1ccc(c(c1)[N+](=O)[O-])O,0.416638462,25,Reaxys
IRGJVQIJENCTQF-UHFFFAOYSA-N,CCOc1c2c(c(c(c1OCC)OCC)N)C(=O)OC2C1c2c(CCN1C)cc1c(c2OC)OCO1,-2.301506589,20,Reaxys
ISXYVHLPQGBMLC-VOTSOKGWSA-N,C/C=C/C(=O)N(c1ccc(cc1)N(C)C)C(=O)Nc1ccc(cc1)N(C)C,-2.763698043,20,Reaxys
IUZGROPHJLKZCK-LGMDPLHJSA-N,CCOC(=O)CSC1=N/C(=C\c2ccccc2)/C(=O)N1c1ccccc1,-2.075890678,20,Reaxys
IVKQJUBXBBNKPH-QVIHXGFCSA-N,c1ccc(cc1)/N=N/c1ccc(c2ccccc12)N(c1ccccc1)c1ccccc1,-2.331620312,25,Reaxys
IVPCDWBBGQCALV-FYWRMAATSA-N,c1ccc2c(c1)C(=Nc1ccccc1[N+](=O)[O-])OC2=O,-1.249528783,20,Reaxys
IYMKCOHANMHPFF-UHFFFAOYSA-N,c1ccc(cc1)N=Cc1ccc(cc1[N+](=O)[O-])[N+](=O)[O-],-1.954676329,22,Reaxys
IZRWUWHABJCDLX-UHFFFAOYSA-N,CC(=O)CC(c1ccccc1)C(CC(=O)C)c1ccccc1,-2.070987471,15,Reaxys
IZUJKJITGMXRDU-UHFFFAOYSA-N,CCCCCCCCCCCCCCCCCNC(=O)CCCCC(=O)O,-2.30514198,17,Reaxys
IZUKQUVSCNEFMJ-UHFFFAOYSA-N,c1ccc(c(c1)[N+](=O)[O-])[N+](=O)[O-],-2.74846971,25,Reaxys
IZZVKENIUWWBHF-BUHFOSPRSA-N,CCCCCCCC/C=C/C(=O)N(c1ccc(cc1)N(C)C)C(=O)Nc1ccc(cc1)N(C)C,-2.769884773,20,Reaxys
JAFTYXPDTZSKST-UHFFFAOYSA-N,CCOC1(C(c2ccccc2)Br)C(=O)N(C)C(=O)N1,-1.708604119,20,Reaxys
JAKVEOCMEMGHGB-YFKPBYRVSA-N,C#CCSC[C@@H](C(=O)O)N,-2.840239779,25,Reaxys
JCEMNGURUDMGBM-UHFFFAOYSA-N,C1CCC(CC1)C(=O)N(C1CCCCC1)O,-0.766267394,25,Reaxys
JCEXJKGPRTWMSQ-UHFFFAOYSA-N,CC(C(=NNC(=O)N)C)c1ccccc1,-1.353697444,20,Reaxys
JCFJSQZXNOMXCP-UHFFFAOYSA-N,CC1(C)C2CCC1(C)C(=NO)C2=NO,0.707192548,20,Reaxys
JCRIDWXIBSEOEG-UHFFFAOYSA-N,c1cc(c(c(c1)[N+](=O)[O-])O)[N+](=O)[O-],-0.627467868,14,Reaxys
JDCXPRVWBPDZRZ-UHFFFAOYSA-N,Cc1ccc(cc1)Nc1[nH]c2ccc(C)cc2n1,-0.946584039,15,Reaxys
JDTWZSUNGHMMJM-FSPLSTOPSA-N,CC[C@H](C)[C@@H](C(=O)O)NC(=O)C,0.713730033,20,Reaxys
JEPXWPONFKFPCB-UHFFFAOYSA-N,c1cc2c(Cc3cc(ccc23)N)cc1Cl,-1.21472305,18,Reaxys
JFNWFXVFBDDWCX-UHFFFAOYSA-N,Cc1c(C)noc1N(C(=O)C)S(=O)(=O)c1ccc(cc1)N,-1.734569649,20,Reaxys
JGCSKOVQDXEQHI-UHFFFAOYSA-N,c1ccc2c(c1)nc1cccc(c1n2)C(=O)O,-2.19382051,25.04,Reaxys
JGOAZQAXRONCCI-UHFFFAOYSA-N,c1ccc(cc1)C=NNc1ccccc1,-1.139914495,24,Reaxys
JGRXMPYUTJLTKT-UHFFFAOYSA-N,c1cc(cc(c1)Cl)c1cc(c(C(=O)NCC(=O)O)nc1)O,-0.955241939,22,Reaxys
JGVTUAUTAMXVAF-UHFFFAOYSA-N,Cc1cccc2cc(C(=O)O)c(=O)oc12,-0.952082606,14,Reaxys
JIAUERZQPRONCY-UHFFFAOYSA-N,CCC(CC)OC(=O)NC(=O)N,-1.242788812,18,Reaxys
JJSPNRXDWGKSHD-UHFFFAOYSA-N,COc1ccc(c(c1)OC)/N=C/c1ccc(cc1N(=O)=O)N(=O)=O,-3.22184875,22,Reaxys
JKFZKHRPJOYSAM-UHFFFAOYSA-N,C(CCNC(=O)N)CC(=O)O,-2.118229479,25,Reaxys
JLHPNRSNIVUKGA-UHFFFAOYSA-N,CC(C(=O)O)NC(=O)Nc1cccc2ccccc12,-1.481419875,25,Reaxys
JLYXXMFPNIAWKQ-GNIYUCBRSA-N,[C@@H]1([C@@H]([C@H]([C@H]([C@@H]([C@H]1Cl)Cl)Cl)Cl)Cl)Cl,-0.760220113,20,Reaxys
JLZUZNKTTIRERF-UHFFFAOYSA-N,c1ccc(cc1)C(=C(c1ccccc1)c1ccccc1)c1ccccc1,-2.618629819,20,Reaxys
JMXNBIDTNISOTA-MRLBHPIUSA-N,C1CCN2C[C@H]3C[C@H](CN4CCC[C@@H]([C@H]34)O)[C@@H]2C1,-1.10546509,17,Reaxys
JPIYZTWMUGTEHX-UHFFFAOYSA-N,CN(C)c1ccc(cc1)C(=N)c1ccc(cc1)N(C)C,-0.582021133,20,Reaxys
JQKCQQVJGSNQFB-WCWDXBQESA-N,CCCC(Cc1ccccc1)/N(N(\O)/C(CCC)Cc1ccccc1)/O,0.041390235,25,Reaxys
JRQDVRIQJJPHEQ-UHFFFAOYSA-N,c1cc(c(c(c1)[N+](=O)[O-])Cl)C(=O)O,-0.207507264,25,Reaxys
JSSSSIRXRJUGAL-UHFFFAOYSA-N,c1ccc(cc1)C(=NNc1ccc(cc1[N+](=O)[O-])[N+](=O)[O-])c1ccccc1,-3.689890553,25,Reaxys
JTEGQNOMFQHVDC-NKWVEPMBSA-N,c1cn([C@@H]2CS[C@H](CO)O2)c(=O)nc1N,-1.303423437,25,Reaxys
JTGMTYWYUZDRBK-UHFFFAOYSA-N,Cc1c2ccccc2c(C)c2ccccc12,-2.235290614,20,Reaxys
JTVBCXIVJCAUBK-UHFFFAOYSA-N,Cn1cc(c(=O)[nH]c1=O)[N+](=O)[O-],-2.172582627,17,Reaxys
JUFADMDNFLYBPC-UHFFFAOYSA-N,CCCCCC(=O)NCCNC(=O)CCCCC,-0.597324383,25,Reaxys
JUVIOZPCNVVQFO-HBGVWJBISA-N,C=C(C)[C@H]1Cc2c(ccc3C(=O)[C@H]4c5cc(c(cc5OC[C@H]4Oc23)OC)OC)O1,-2.294933337,20,Reaxys
JWBYUXWEHYCVHA-BVYOUEPQSA-N,C[C@@H](Cc1ccccc1)N(O)N(O)[C@H](C)Cc2ccccc2,0.380203964,25,Reaxys
JYGXADMDTFJGBT-VWUMJDOOSA-N,C[C@]12CCC(=O)C=C1CC[C@H]1[C@@H]3CC[C@](C(=O)CO)([C@@]3(C)C[C@@H]([C@H]21)O)O,-1.391988349,25.04,Reaxys
JZFDKGFWNSQAHU-UHFFFAOYSA-N,CCc1ccc(cc1)C(=O)c1ccccc1C(=O)O,0.32238574,21.75,Reaxys
JZODKRWQWUWGCD-UHFFFAOYSA-N,CC(C)(C)c1cc(c(cc1O)C(C)(C)C)O,0.157251372,24.89,Reaxys
KBOQXVVZFSWICE-FIJLXMTKSA-N,C[C@]12CCC=CC1=CC[C@@H]1[C@@H]2CC[C@]2(C)[C@H](CC[C@]12O)c1ccc(=O)oc1,-2.910861465,20,Reaxys
KCSGAVOYBPPIRL-UHFFFAOYSA-N,CCCCCC(=O)N(c1ccc(cc1)N(C)C)C(=O)Nc1ccc(cc1)N(C)C,-2.701037233,20,Reaxys
KDFNXUATOIFLSG-UHFFFAOYSA-N,c1ccc(c(c1)Cl)OC(=O)NC(=O)N,-2.041611296,18,Reaxys
KDYFGRWQOYBRFD-UHFFFAOYSA-N,C(CC(=O)O)C(=O)O,-0.170645968,20,Reaxys
KJKGTLBNWUUCKQ-UHFFFAOYSA-N,c1ccc2c(c1)c1NC3=CC=CC(=Nc4c5ccccc5c([nH]4)N=c4c5ccccc5c(=Nc2[nH]1)[nH]4)C3,-0.420217749,25,Reaxys
KJPXTDBDRLXUQN-UHFFFAOYSA-N,CC(=O)Oc1ccc(cc1C(=O)O)n1nc2ccccc2n1,-2.05739504,25,Reaxys
KJXSIXMJHKAJOD-LSDHHAIUSA-N,c1c(cc(c(c1O)O)O)[C@@H]1[C@H](C(=O)c2c(cc(cc2O1)O)O)O,-0.275046998,25,Reaxys
KKJPFYIKWNKDSH-WZIZPHDVSA-N,CC(CO)[C@H](C(=O)N[C@@H]1C2CC[C@@](C)([C@@H]1O)C2(C)C)O,-0.362324399,20,Reaxys
KKWXXQXQVFLMOP-LSLJNABFSA-N,CC(=O)CC1=C(C(=O)O[C@@H]1C)C(C)(C)[C@@H]1C(=O)C(C)OC1=O,-0.693137174,20,Reaxys
KOOOGBROHMNAPU-UHFFFAOYSA-N,c1ccc(c(c1)C(=O)N=[N+]=[N-])[N+](=O)[O-],-0.78430213,20,Reaxys
KRKNYBCHXYNGOX-UHFFFAOYSA-N,C(C(=O)O)C(CC(=O)O)(C(=O)O)O,0.390786338,25,Reaxys
KTFCASILCGCMLM-UHFFFAOYSA-N,C(CCCCCNCCCCCCCN)CCCCC(=O)O,-1.383693868,20,Reaxys
KTHRQDFQEQQGDF-UHFFFAOYSA-N,CCCCCCCCCCCCCC(C(C(=O)O)O)O,-1.407459278,19,Reaxys
KUXPBFJYMIIGBY-UHFFFAOYSA-N,COC(=O)C(C(C(=O)OC)OC(=O)c1ccccc1)OC(=O)c1ccccc1,-2.316835803,25,Reaxys
KWHQDNKVVVTPFL-UHFFFAOYSA-N,c1ccc2c(c1)c1=Nc3cccc(=Nc4c5ccccc5c(N=c5cccc([nH]5)N=c2[nH]1)[nH]4)[nH]3,-1.681923089,24.9,Reaxys
KWIUHFFTVRNATP-UHFFFAOYSA-N,C[N+](C)(C)CC(=O)[O-],-0.237499612,18.3,Reaxys
KWRYMZHCQIOOEB-LBPRGKRZSA-N,C[C@@H](c1cc2ccc(cc2nc1c1ccccn1)F)Nc1c2c([nH]cn2)ncn1,0.240146748,20,Reaxys
KXDAEFPNCMNJSK-UHFFFAOYSA-N,c1ccc(cc1)C(=O)N,0.138857616,25,Reaxys
KYGZCKSPAKDVKC-UHFFFAOYSA-N,CCn1cc(c(=O)c2cc3c(cc12)OCO3)C(=O)O,-1.850758304,25,Reaxys
KZNIFHPLKGYRTM-UHFFFAOYSA-N,c1cc(ccc1c1cc(=O)c2c(cc(cc2o1)O)O)O,-2.219563635,25,Reaxys
KZSNJWFQEVHDMF-BYPYZUCNSA-N,CC(C)[C@@H](C(=O)O)N,-3.601867258,24.9,Reaxys
KZTJCLJWIVFCLV-UHFFFAOYSA-N,CC(C(=O)O)N(CCC(=O)O)C(=O)C,-0.068248233,25,Reaxys
LDVVMCZRFWMZSG-OLQVQODUSA-N,C1=CC[C@@H]2[C@H](C1)C(=O)N(C2=O)SC(Cl)(Cl)Cl,-2.015580865,26,Reaxys
LFIFACPITLMARN-UHFFFAOYSA-N,CCN(CC)CCOC(=O)c1ccc(cc1)NC(=O)CCC(=O)O,-3.388272563,15,Reaxys
LGGDXXJAGWBUSL-BKRJIHRRSA-N,CC(=O)O[C@H]1CC[C@H]2[C@H]3Cc4ccc(c5c4[C@@]2(CCN3C)[C@H]1O5)OC,-0.784715311,20,Reaxys
LHJUVPXOXCFLCH-UHFFFAOYSA-N,c1ccc(cc1)c1cc(ccc1[N+](=O)[O-])O,0.054531415,25,Reaxys
LHNVKVKZPHUYQO-SRWWVFQWSA-N,CC(=O)[C@@]12[C@@H](C[C@H]3[C@@H]4CCC5=CC(=O)CC[C@]5(C)[C@H]4CC[C@]13C)O2,-1.442176367,24.55,Reaxys
LJCBXNYWNSNKJY-UHFFFAOYSA-N,CCOc1cc(c(cc1[N+](=O)[O-])[N+](=O)[O-])Cl,-1.54690736,25,Reaxys
LJCWONGJFPCTTL-SSDOTTSWSA-N,c1cc(ccc1[C@H](C(=O)O)N)O,-3.793469596,25.22,Reaxys
LKEGCXYQDMPMDD-UHFFFAOYSA-N,c1ccc(cc1)Nc1ccc(cc1N)Cl,-0.436730994,20,Reaxys
LKHMZCUKGPUKEA-UHFFFAOYSA-N,COc1ccc(cc1)N=Cc1ccccc1,-1.500312969,22,Reaxys
LKJNVSBOVUWHDE-UHFFFAOYSA-N,Cc1cc(ccc1Nc1c(cc(C)s1)C#N)N(=O)=O,-1.725700348,25,Reaxys
LLOXZCFOAUCDAE-UHFFFAOYSA-N,c1ccc(cc1)P(=O)(c1ccccc1)c1cc(ccc1O)O,-0.964369565,25.1,Reaxys
LMYRWZFENFIFIT-UHFFFAOYSA-N,Cc1ccc(cc1)S(=O)(=O)N,-0.047210424,24.99,Reaxys
LNTHITQWFMADLM-UHFFFAOYSA-N,c1c(cc(c(c1O)O)O)C(=O)O,-0.057056573,25.04,Reaxys
LOOJXSYHZHCBMU-UHFFFAOYSA-N,CCCC(CCC)(C1CCCCC1)C(=O)NO,-7.20E-06,26,Reaxys
LOUPRKONTZGTKE-WZBLMQSHSA-N,C=C[C@H]1CN2CC[C@H]1C[C@H]2[C@@H](c1ccnc2ccc(cc12)OC)O,0.607805464,25,Reaxys
LPEPZBJOKDYZAD-UHFFFAOYSA-N,c1ccc(c(c1)C(=O)O)Nc1cccc(c1)C(F)(F)F,-0.098819806,15,Reaxys
LPHRUDILDCGDJM-UHFFFAOYSA-N,CC(C)c1cc(c(C)c(c1)N)N,-1.443202012,25,Reaxys
LRQKBLKVPFOOQJ-UHFFFAOYSA-N,CCCCC(C(=O)[O-])[NH3+],-2.984312165,25,Reaxys
LRQYSMQNJLZKPS-UHFFFAOYSA-N,Cc1ccc2ccc(C)cc2c1,0.074274412,22.65,Reaxys
LRUIWCGKRGPZSC-UHFFFAOYSA-N,c1cc(cc(c1)Nc1ccc(cc1N)Cl)Cl,-1.558247295,20,Reaxys
LSAFLTQKGRHWTF-ULBORTECSA-N,CCC(=Cc1ccco1)C=NNC(=O)N,-1.586482533,22,Reaxys
LSPHULWDVZXLIL-LDWIPMOCSA-N,CC1(C)[C@H](CC[C@@]1(C)C(=O)O)C(=O)O,0.597868172,25,Reaxys
LTTWKTVIELEIDC-UHFFFAOYSA-N,C=CC(CC)OC(=O)NC(=O)N,-1.015884705,18,Reaxys
LUYAMNYBNTVQJG-UHFFFAOYSA-N,C(CS(=O)(=O)CCCl)Cl,-0.429952338,20,Reaxys
LVEXDMBRIRBLTD-UHFFFAOYSA-N,CC(=C(c1ccccc1)O)C(=O)c1ccccc1,-1.289524726,20,Reaxys
MALVFHHUZNLXFS-UHFFFAOYSA-N,Cc1c(C#N)c(c2ccccc2)n(c2ccccc2)n1,-2.479320814,20,Reaxys
MATGKVZWFZHCLI-UHFFFAOYSA-N,COc1cc(ccc1O)CC1COC(=O)C1Cc1ccc(c(c1)OC)O,-0.702872483,18,Reaxys
MBUKWVQKGHOBTG-UHFFFAOYSA-N,c1cc(cc(c1)[N+](=O)[O-])C(=O)N=[N+]=[N-],-1.432119612,20,Reaxys
MBXIRNHACKAGPA-UHFFFAOYSA-N,c1c(c(cc(c1[N+](=O)[O-])O)O)[N+](=O)[O-],-2.222083205,25,Reaxys
MDHAARLWBHZGIP-UHFFFAOYSA-N,Cc1ccc(C)c(c1)OP(=O)(Oc1cc(C)ccc1C)Oc1cc(C)ccc1C,-0.780751347,25,Reaxys
MECHNRXZTMCUDQ-RKHKHRCZSA-N,CC(C)[C@@H](C)/C=C/[C@@H](C)[C@H]1CC[C@H]2/C(=C/C=C\3/C[C@H](CCC3=C)O)/CCC[C@]12C,-0.151257092,26,Reaxys
MENUYOGJCXAFFU-UHFFFAOYSA-N,c1ccc(cc1)NN=C(C#N)C#N,-0.492149724,25,Reaxys
METKIMKYRPQLGS-UHFFFAOYSA-N,CC(C)NCC(COc1ccc(cc1)CC(=O)N)O,-0.725034713,25.04,Reaxys
MFEWNFVBWPABCX-UHFFFAOYSA-N,c1ccc(cc1)C(c1ccccc1)(C(c1ccccc1)(c1ccccc1)O)O,-2.484844146,25,Reaxys
MHWLWQUZZRMNGJ-UHFFFAOYSA-N,CCn1cc(c(=O)c2ccc(C)nc12)C(=O)O,-2.450014266,25,Reaxys
MIJYXULNPSFWEK-GTOFXWBISA-N,CC1(C)CC[C@@]2(CC[C@]3(C)C(=CC[C@@H]4[C@@]5(C)CC[C@@H](C(C)(C)[C@@H]5CC[C@@]34C)O)[C@@H]2C1)C(=O)O,-1.869666337,25.14,Reaxys
MKNNAZIBCYBRNG-QZQOTICOSA-N,CC(C)COC(=O)c1ccc(cc1)N=Nc1ccc(cc1N)N,-0.68916985,25,Reaxys
MKUXAQIIEYXACX-UHFFFAOYSA-N,C(COCn1cnc2c1[nH]c(N)nc2=O)O,-3.398339376,22.5,Reaxys
MNHJLXNOILHBHI-OXAWKVHCSA-N,c1cc(C=C2COCC(=Cc3ccco3)C2=O)oc1,-2.408677432,20,Reaxys
MNVLOIZGWLNEEE-UHFFFAOYSA-N,CC(CCC1CCCCC1)OC(=O)NC(=O)N,-2.007808719,17,Reaxys
MOBNEVYPNLXFLO-UHFFFAOYSA-N,Cc1ccc2cc(C(=O)O)c(=O)oc2c1,-1.65680494,14,Reaxys
MSHFCDBRRLKKAI-UHFFFAOYSA-N,COc1ccc(cc1)S(=O)(=O)NNC(=O)C(c1ccccc1)(c1ccccc1)O,-2.57399547,21,Reaxys
MTCFGRXMJLQNBG-REOHCLBHSA-N,C([C@@H](C(=O)O)N)O,-3.745111985,24.9,Reaxys
MTZSKSPYUYTKCT-RELWKKBWSA-N,CCOC(=O)C(c1ccccc1)SC1=NC(=Cc2ccccc2)C(=O)N1c1ccccc1,-2.24801056,20,Reaxys
MUUZRJUPVBJRCW-UHFFFAOYSA-N,COc1ccc(cc1)N=Cc1ccc(cc1[N+](=O)[O-])[N+](=O)[O-],-2.2839971,22,Reaxys
MWPLVEDNUUSJAV-UHFFFAOYSA-N,c1ccc2cc3ccccc3cc2c1,-2.103700991,25,Reaxys
MXIUSHZGPUCUIF-UHFFFAOYSA-N,CCC(CC)CC1(CCO)C(=O)NC(=S)NC1=O,-0.649968662,25,Reaxys
MYSWGUAQZAJSOK-UHFFFAOYSA-N,C1CC1n1cc(c(=O)c2cc(c(cc12)N1CCNCC1)F)C(=O)O,-3.757007927,24.99,Reaxys
MZRSAJZDYIISJW-UHFFFAOYSA-N,c1ccc(cc1)C(=O)C=P(c1ccccc1)(c1ccccc1)c1ccccc1,-0.563834417,26,Reaxys
NEKYKEAIHPEYBR-UHFFFAOYSA-N,CN(C)c1ccc(cc1)C(=NC(=S)Nc1ccccc1)c1ccc(cc1)N(C)C,-1.7493147,16,Reaxys
NFDQYBUVHVRNNY-VATFKXGISA-N,C[C@H]1C[C@](C)(C[C@@H]([C@@H](CC2CC(=O)NC(=O)C2)O)C1=O)O,-0.297178144,25,Reaxys
NGMMGKYJUWYIIG-UHFFFAOYSA-N,c1cc(cc(c1)O)C(=O)N,-0.387215989,20,Reaxys
NHAZGGKOGUUUSH-UHFFFAOYSA-N,CC1(C)COP(=O)(C(C)(C)O)OC1,-0.223633396,25.19,Reaxys
NIHNNTQXNPWCJQ-UHFFFAOYSA-N,c1ccc2c(c1)Cc1ccccc21,-0.862284454,25.19,Reaxys
NKPYBHNKCKUNRN-UHFFFAOYSA-N,CCS(=O)(=O)C(C)(C(Cl)(Cl)Cl)S(=O)(=O)CC,-1.266915455,20,Reaxys
NLARCUDOUOQRPB-WTKPLQERSA-N,CO/N=C(/c1csc(N)n1)\C(=O)O,-2.672337227,25.01,Reaxys
NLVFBUXFDBBNBW-PBSUHMDJSA-N,C1[C@@H]([C@H]([C@@H]([C@H]([C@@H]1N)O[C@@H]1[C@@H]([C@H]([C@@H]([C@@H](CO)O1)O)N)O)O)O[C@@H]1[C@@H](C[C@@H]([C@@H](CN)O1)O)N)N,-1.707880973,24.99,Reaxys
NMJRIEWNQQAOBY-UHFFFAOYSA-N,c1ccc(cc1)SCCS(=O)CCSc1ccccc1,-1.508551265,18,Reaxys
NOCJXYPHIIZEHN-UHFFFAOYSA-N,CN1CCN(CC1)c1cc2c(cc1F)c(=O)c(cn2c1ccc(cc1)F)C(=O)O,-0.061450863,24.99,Reaxys
NOIRTYMOEFHJRM-UHFFFAOYSA-N,COCN1C(=O)c2ccccc2C1=O,-1.48557607,25,Reaxys
NPENBPVOAXERED-UHFFFAOYSA-N,c1ccc(cc1)C(=O)c1ccc(cc1)C(=O)c1ccccc1,-2.854806862,15,Reaxys
NRDWUPPIGBHWAS-ZJUUUORDSA-N,CCC[C@H]1CC2=C(C[C@@H](CC)CC3=C1C(=O)OC3=O)C(=O)OC2=O,-2.044478349,20,Reaxys
NRPKURNSADTHLJ-UHFFFAOYSA-N,CCCCCCCCOC(=O)c1cc(c(c(c1)O)O)O,0.192684881,20,Reaxys
NWMPSWZJZGFWIK-UHFFFAOYSA-N,Cc1ccc2c(c1)C(=O)c1cc(ccc1C2=O)C(=O)O,-2.080894376,22,Reaxys
NZXYYWMLCFKCPV-UHFFFAOYSA-N,COc1cc(c(c(c1OC)[N+](=O)[O-])[N+](=O)[O-])[N+](=O)[O-],-1.834355523,19,Reaxys
OACSUWPJZKGHHK-UHFFFAOYSA-N,c1ccc(cc1)COP(=O)(OCc1ccccc1)OCc1ccccc1,0.167716211,25,Reaxys
OBOCPCMQRKCAJW-UHFFFAOYSA-N,CCCC(C)CC1(CCO)C(=O)NC(=S)NC1=O,-0.841870015,25,Reaxys
OBVKXTYZYVDEHF-UHFFFAOYSA-N,CCCC(=O)N(c1ccc(cc1)N(C)C)C(=O)Nc1ccc(cc1)N(C)C,-2.589989393,20,Reaxys
OCJBOOLMMGQPQU-UHFFFAOYSA-N,c1cc(ccc1Cl)Cl,-0.20828776,25,Reaxys
ODBYBGYTXPHFFZ-UHFFFAOYSA-N,CC(C)CCC1(CCO)C(=O)NC(=S)NC1=O,-0.277383831,25,Reaxys
ODDAWJGQWOGBCX-UHFFFAOYSA-N,CN(C)CCn1c(nnn1)S,-2.977160211,24.99,Reaxys
ODKSRCASCRILJO-UHFFFAOYSA-N,c1cc(ccc1C(=O)Nc1ccc(cc1N)N)N,-1.863368836,20,Reaxys
OFEFIAFAVVRMOS-UHFFFAOYSA-N,c1ccc2c(c1)C(=O)OC2(Nc1cccc(c1)[N+](=O)[O-])Nc1cccc(c1)[N+](=O)[O-],-1.418572841,20,Reaxys
OFMXGFHWLZPCFL-SVRPQWSVSA-N,C[C@H]1C(=O)CC[C@@H]2[C@]1(C)CC[C@H]1[C@@]2(C)CC[C@@]2(C)[C@@H]3CC(C)(C)CC[C@]3(C)CC[C@]12C,-2.926857727,21,Reaxys
OHFMYIFFLOZSMF-UHFFFAOYSA-N,CC1(C)COP(=O)(NCCNP2(=O)OCC(C)(C)CO2)OC1,-2.132990367,24.99,Reaxys
OIGNJSKKLXVSLS-VWUMJDOOSA-N,C[C@]12C=CC(=O)C=C1CC[C@H]1[C@@H]3CC[C@](C(=O)CO)([C@@]3(C)C[C@@H]([C@H]21)O)O,-1.171224459,25.04,Reaxys
OKJIRPAQVSHGFK-UHFFFAOYSA-N,CC(=O)NCC(=O)O,-1.086940079,23.99,Reaxys
OKQIEBVRUGLWOR-UHFFFAOYSA-N,CC(=O)Nc1cccc2ccccc12,-0.766231448,25,Reaxys
OLVPZKMXZBVFAM-UHFFFAOYSA-N,CCCCCCCCCCC(C)(C)C(=O)NO,0,26,Reaxys
ONGBXISBKSVVFS-UHFFFAOYSA-N,CC(C(=O)c1ccccc1)C(=O)c1ccccc1,-0.772286248,20,Reaxys
ONIBWKKTOPOVIA-BYPYZUCNSA-N,C1C[C@@H](C(=O)O)NC1,-0.987862687,19,Reaxys
ons1,"c1[nH]cnn1	",0.503382063,NA,ONSchallenge
ons10,"c1cc2c(cc1CC(=O)O)OCO2	",-0.2596373,NA,ONSchallenge
ons11,"Cc1cc(C)cc(c1)C=O	",0.871572936,NA,ONSchallenge
ons12,"c1c(cc(cc1[N+](=O)[O-])[N+](=O)[O-])C(=O)O	",-0.12847523,NA,ONSchallenge
ons13,"c1cc(cnc1)N	",0.885256977,NA,ONSchallenge
ons14,"c1cc(N)nnc1	",-0.40053445,NA,ONSchallenge
ons15,"c1cc(c(cc1C(=O)O)[N+](=O)[O-])Cl	",-0.2596373,NA,ONSchallenge
ons16,"c1cc(ccc1C=O)Cl	",0.46810174,NA,ONSchallenge
ons17,"CN(C)c1ccc(C=CC=O)cc1	",-1.2411443,NA,ONSchallenge
ons19,"c1cc(ccc1C(=O)O)F	",-0.096774317,NA,ONSchallenge
ons2,"C1C2CC3CC1CC(C2)(C3)N	",-2.397940009,NA,ONSchallenge
ons20,"c1cc(ccc1C(=O)O)O	",0.29732272,NA,ONSchallenge
ons21,"c1cc(ccc1CC(=O)O)O	",0.36059341,NA,ONSchallenge
ons22,"Cc1ccc(cc1)C(=O)O	",-0.11208758,NA,ONSchallenge
ons23,"C(CCC(=O)O)CCN	",-2.522878745,NA,ONSchallenge
ons24,"c1cc(N)nnc1Cl	",-1.4569207,NA,ONSchallenge
ons25,"C(CCCC(=O)O)CCCBr	",0.609818629,NA,ONSchallenge
ons26,"c1ccc(c(c1)CC(=O)OCC(=O)O)Nc1c(cccc1Cl)Cl	",-1.4052794,NA,ONSchallenge
ons27,"CC(=O)Oc1ccccc1C(=O)O	",0.11693965,NA,ONSchallenge
ons28,"CC(C(=O)O)N	",-2.045757491,NA,ONSchallenge
ons29,"CCC1(CC)C(=O)NC(=O)NC1=O	",-0.30016229,NA,ONSchallenge
ons3,"CCCCCCCCCCCCCCCCCCN	",-0.086186148,NA,ONSchallenge
ons31,"c1cc2c(cc1C(=O)O)[nH]nn2	",-1.4751345,NA,ONSchallenge
ons33,"CC(C)(C)OC(=O)NCC(=O)O	",0.613841822,NA,ONSchallenge
ons34,"CCC(C)C1(CC)C(=O)NC(=O)NC1=O	",-0.40255713,NA,ONSchallenge
ons36,"c1ccc2c(c1)C(=O)c1cccc(c1C2=O)Cl	",-2.210257085,NA,ONSchallenge
ons37,"Cc1c(CSCCN/C(=N/C)/NC#N)nc[nH]1	",-0.8301577,NA,ONSchallenge
ons38,"c1ccc(cc1)C=CC(=O)O	",0.048740946,NA,ONSchallenge
ons39,"C/C=C/C(=O)O	",0.788875116,NA,ONSchallenge
ons4,"c1ccc2c(c1)c(C=O)c1ccccc1c2Cl	",0.24797326,NA,ONSchallenge
ons40,"c1ccc(cc1)/C=C/C(=O)/C=C/c1ccccc1	",-0.98716277,NA,ONSchallenge
ons41,"COC(=O)/C=C/C(=O)OC	",-1.0473521,NA,ONSchallenge
ons42,"c1ccc(cc1)S(=O)(=O)c1ccccc1	",0.060697839,NA,ONSchallenge
ons43,"c1ccc(cc1)C(c1ccccc1)C(=O)O	",-0.80000001,NA,ONSchallenge
ons45,"C[C@]12CCCCC1=CC[C@@H]1[C@@H]2CC[C@@]2(C)[C@H]1C[C@H](C2=O)F	",-1.993533958,NA,ONSchallenge
ons46,"c1cc(CNc2cc(c(cc2C(=O)O)S(=O)(=O)N)Cl)oc1	",-1.3840499,NA,ONSchallenge
ons47,"C(C(=O)O)N	",-3.408935393,NA,ONSchallenge
ons48,"C[C@H]1COc2c3c(cc(c2N2CCN(C)CC2)F)c(=O)c(cn13)C(=O)O	",-1.743533091,NA,ONSchallenge
ons5,"c1ccc(c(c1)C(=O)O)N=Nc1ccc(cc1)O	",-1.0779113,NA,ONSchallenge
ons50,"C(=CC(=O)O)C(=O)O	",0.532754379,NA,ONSchallenge
ons55,"c1cc(cc(c1)Nc1c(cccn1)C(=O)O)C(F)(F)F	",-0.97061622,NA,ONSchallenge
ons56,"Cc1ccc(cc1)S(=O)(=O)O	",-1.3372421,NA,ONSchallenge
ons57,"Cc1ccc(cc1)S(=O)(=O)C[N+]#[C-]	",-0.55518258,NA,ONSchallenge
ons58,"CCC1(c2ccccc2)C(=NC(=O)N=C1O)O	",0.698100546,NA,ONSchallenge
ons59,"c1ccc(cc1)CC(=O)O	",0.671172843,NA,ONSchallenge
ons61,"COc1cc(/C=C/C(=O)O)cc(c1O)OC	",-0.10237291,NA,ONSchallenge
ons62,"C(CCCC(=O)O)CCC(=O)O	",-0.34055558,NA,ONSchallenge
ons63,"c1ccc(cc1)C(c1ccccc1)(c1ccccc1)c1ccccc1	",-3.609999999,NA,ONSchallenge
ons67,"CCCCNC(=O)C(c1cc2ccccc2c2ccccc12)N(Cc1ccco1)C(=O)Cc1ccccc1	",-2,NA,ONSchallenge
ons68,"CC(C)(C)NC(=O)C(c1ccccc1)N(Cc1ccco1)C(=O)CNC(=O)OC(C)(C)C	",-1.759303401,NA,ONSchallenge
ons69,"CCCCCCCCCCC(=O)O	",0.595496222,NA,ONSchallenge
ons7,"C(CC(=O)O)C(=O)C(=O)O	",0.4756712,NA,ONSchallenge
ons70,"COc1cc(ccc1O)C=O	",0.39269695,NA,ONSchallenge
ons71,"COc1ccc(cc1OC)C=O	",0.739572344,NA,ONSchallenge
ons8,"CCC(c1ccccc1)C(=O)O	",0.792391689,NA,ONSchallenge
ons9,"Cc1ccc(cc1C)C=O	",0.877371346,NA,ONSchallenge
ONZOGXRINCURBP-NXEZZACHSA-N,CC(C)COC(=O)[C@H]([C@@H](C(=O)OCC(C)C)O)O,0.244851692,25,Reaxys
OODJJYRBUHRYQO-UHFFFAOYSA-N,CCC(CC)(CC(C)C)OC(=O)NC(=O)N,-1.23520234,16,Reaxys
OPNZKSWUAFBELV-UHFFFAOYSA-N,c1ccc(cc1)COC(=O)NC(=O)N,-1.945804181,17,Reaxys
OPOPTXYBSHDZOM-UHFFFAOYSA-N,CCCCC(CC)CC(CC)(CC)C(=O)NO,0,26,Reaxys
OQQBRZJNECDPEX-QVIHXGFCSA-N,c1ccc(cc1)N(c1ccccc1)c1ccc(cc1)/N=N/c1ccc(cc1)S(=O)(=O)C(F)(F)F,-2.130189117,25,Reaxys
ORCAYCBZJPDNPE-UHFFFAOYSA-N,CC1CCCCC1OC(=O)NC(=O)N,-1.43525916,18,Reaxys
OROGSEYTTFOCAN-DNJOTXNNSA-N,CN1CC[C@]23[C@H]4C=C[C@@H]([C@@H]3Oc3c(ccc(C[C@@H]14)c23)OC)O,0.222761727,25,Reaxys
ORQISITYMWGFKX-UHFFFAOYSA-N,CCC1(CCO)C(=O)NC(=S)NC1=O,-0.564126195,25,Reaxys
ORZXJYFZPFFYJC-UHFFFAOYSA-N,CN(C)c1ccc(cc1)C(C#N)(c1ccccc1)c1ccc(cc1)N(C)C,-2.508637242,24.5,Reaxys
OSBLXHNHXUZTPI-UHFFFAOYSA-N,c1ccc2c(c1)c(=O)nc(c1ccccc1S(=O)(=O)N)[nH]2,-2.612749267,22.5,Reaxys
OSCAUVQGTDAMQI-UHFFFAOYSA-N,c1ccc(cc1)C(c1ccccc1)(C(=O)NNS(=O)(=O)c1ccccc1)O,-0.71333159,21,Reaxys
OSZUGFVVDWLSBH-UHFFFAOYSA-N,CCCCCCC(=O)N(c1ccc(cc1)N(C)C)C(=O)Nc1ccc(cc1)N(C)C,-2.761892022,20,Reaxys
OTLNPYWUJOZPPA-UHFFFAOYSA-N,c1cc(ccc1C(=O)O)[N+](=O)[O-],-0.860124642,25,Reaxys
OVBPIULPVIDEAO-LBPRGKRZSA-N,c1cc(ccc1C(=O)N[C@@H](CCC(=O)O)C(=O)O)NCc1cnc2c(c(=O)nc(N)[nH]2)n1,-2.921360783,25,Reaxys
OWEKLAQTSKJVEG-UHFFFAOYSA-N,CCOC(=O)NC(C)(C(=O)O)NC(=O)OCC,0.626228979,20,Reaxys
OZHJEQVYCBTHJT-UHFFFAOYSA-N,Cc1c(c(c(c(c1Br)Br)Br)Br)Br,-3.670157508,20,Reaxys
PBPVEQLHHMEARQ-UHFFFAOYSA-N,c1ccc(cc1)Nc1ccc(cc1)n1nc2ccccc2n1,-1.155845958,25,Reaxys
PCMMEMLVVTUFTM-UHFFFAOYSA-N,COc1ccc(cc1)N=Cc1ccc(cc1)[N+](=O)[O-],-1.962574264,22,Reaxys
PCMORTLOPMLEFB-UHFFFAOYSA-N,COc1cc(C=CC(=O)O)cc(c1O)OC,-0.687277577,24.99,Reaxys
PCOBBVZJEWWZFR-UHFFFAOYSA-N,CCOC(=O)Nc1ccc(cc1N)NCc1ccc(cc1)F,-1.18089396,20,Reaxys
PCZOHLXUXFIOCF-BXMDZJJMSA-N,CC[C@H](C)C(=O)O[C@H]1C[C@@H](C)C=C2C=C[C@H](C)[C@H](CC[C@@H]3C[C@H](CC(=O)O3)O)[C@@H]12,-1.218807164,25,Reaxys
PDKQJNXSAFZHTL-UHFFFAOYSA-N,Cc1ccc(cc1)C(CCC(c1ccccc1)(c1ccc(C)cc1)O)(c1ccccc1)O,-1.90910954,22,Reaxys
PDMLSWLQHBTLJF-UHFFFAOYSA-N,c1ccc2cc(ccc2c1)OP(=O)(Oc1ccc2ccccc2c1)Oc1ccc2ccccc2c1,-2.678033738,25,Reaxys
PDZIFGIQUYFQGK-UHFFFAOYSA-N,c1ccc2c(c1)c1CCCC(=O)c1[nH]2,-0.990246259,20,Reaxys
PFVCRIULCASTAH-ZMGSENCKSA-N,CC1(C)C2CC[C@@]1(C)C(=O)/C/2=C(/c1ccccc1)\O,-0.983952847,17,Reaxys
PHAAHAOHZXTVJB-UHFFFAOYSA-N,CCCCCCCCCCCCCCCCCNC(=O)CCCCCCCCC(=O)O,-2.52923583,21,Reaxys
PHMBVCPLDPDESM-FKSUSPILSA-N,CN1[C@H]2CC[C@@H]1[C@H]([C@H](C2)O)C(=O)O,-1.093780574,17,Reaxys
PITGSQSQGJDIOP-UHFFFAOYSA-N,c1ccc2c(c1)c1=NC3=CC=CC(=Nc4c5ccccc5c(N=C5C=CC=C(C5)N=c2[nH]1)[nH]4)C3,0.160128574,25,Reaxys
PJANXHGTPQOBST-VAWYXSNFSA-N,c1ccc(cc1)/C=C/c1ccccc1,-1.25995379,25,Reaxys
PJBFVWGQFLYWCB-UHFFFAOYSA-N,CCCn1c2c(c(=O)n(CCC)c1=O)[nH]c(C13CC4CC(CC3C4)C1)n2,-1.296748044,20,Reaxys
PJHUABJTDFXYRQ-UHFFFAOYSA-N,c1ccc(cc1)C(=O)N=[N+]=[N-],0.008276759,20,Reaxys
POOSGDOYLQNASK-UHFFFAOYSA-N,CCCCCCCCCCCCCCCCCCCCCCCC,-2.45058394,19.85,Reaxys
PORJPNDHJDOGPF-QVIHXGFCSA-N,c1ccc(cc1)N(c1ccccc1)c1ccc(cc1)/N=N/c1ccc(cc1C(F)(F)F)N(=O)=O,-3.236573593,25,Reaxys
POULHZVOKOAJMA-UHFFFAOYSA-N,CCCCCCCCCCCC(=O)O,0.555510462,20,Reaxys
PREBVFJICNPEKM-UHFFFAOYSA-N,c1cc(ccc1C=CC(=O)CC(=O)C=Cc1ccc(cc1)O)O,-0.764745547,20,Reaxys
PRWFRMQHEAGAIW-UHFFFAOYSA-N,CCCCC(=O)N(c1ccc(cc1)N(C)C)C(=O)Nc1ccc(cc1)N(C)C,-2.685396149,20,Reaxys
PSVPUHBSBYJSMQ-UHFFFAOYSA-N,CS(=O)(=O)c1ccc(cc1)C=O,-2.168330068,24.99,Reaxys
PTFIPECGHSYQNR-UHFFFAOYSA-N,CCCCCCCCCCCCCCCc1cccc(c1)O,0.591476024,24.39,Reaxys
PUIYMUZLKQOUOZ-UHFFFAOYSA-N,CC(C)c1ccc(cc1)NC(=O)N(C)C,-0.566285938,20,Reaxys
PUJZLTUHWQIHCE-UHFFFAOYSA-N,Cc1ccccc1S(=O)(=O)NNC(=O)C(c1ccccc1)(c1ccccc1)O,-0.314498856,21,Reaxys
PUQGLFHFIJAAOI-UHFFFAOYSA-N,c1cc2c3ccc(cc3C(c2cc1Br)O)N,-1.924085877,18,Reaxys
PUUPGXQPWDWTPH-GTPODGLVSA-N,CC(C)CCC[C@@H](C)[C@H]1CC[C@H]2[C@@H]3CC=C4C[C@H](CC[C@]4(C)[C@H]3CC[C@]12C)OC(=O)C(C)C,-2.057621417,20,Reaxys
PXDJXZJSCPSGGI-UHFFFAOYSA-N,CCCCCCCCCCCCCCCCOC(=O)CCCCCCCCCCCCCCC,-3.090170447,22,Reaxys
PYGWGZALEOIKDF-UHFFFAOYSA-N,Cc1cc(cc(C)c1Oc1c(c(N)nc(Nc2ccc(cc2)C#N)n1)Br)C#N,-3.767782892,25,Reaxys
PYJGXCNXONGNRV-UHFFFAOYSA-N,CC(c1ccccc1)OC(=O)NC(=O)N,-1.486007272,19,Reaxys
PYZRQGJRPPTADH-UHFFFAOYSA-N,c1cc(c(c(c1)Cl)Cl)c1c(N)nc(N)nn1,-1.848997955,25.04,Reaxys
PZEADHJHZRSKKI-UHFFFAOYSA-N,c1ccc(cc1)C(c1ccccc1)(C(=O)NNS(=O)(=O)c1ccc(cc1)N)O,-1.962800068,21,Reaxys
QAISXTKWTBOYAA-UHFFFAOYSA-N,CCC(C(=O)O)NC=O,-0.449776358,25,Reaxys
QCDYQQDYXPDABM-UHFFFAOYSA-N,c1c(cc(cc1O)O)O,0.53062241,25,Reaxys
QCWBDMSQWLNWJC-UHFFFAOYSA-N,CCCC1(CCO)C(=O)NC(=S)NC1=O,-0.204123,25,Reaxys
QCXJEYYXVJIFCE-UHFFFAOYSA-N,CC(=O)Nc1ccc(cc1)C(=O)O,-0.767004244,20,Reaxys
QDYSGXFAJGAMSR-UHFFFAOYSA-N,CCCCCCCOC(=O)NC(=O)N,-1.703837128,19.7,Reaxys
QGCVSGJZKFEJPE-UHFFFAOYSA-N,c1ccc(cc1)c1cccc(c1)/N=C/c1ccc(cc1N(=O)=O)N(=O)=O,-2.065501258,22,Reaxys
QGVNJRROSLYGKF-UHFFFAOYSA-N,CCC1(CC)C(=O)NC(=S)NC1=O,-0.014917656,20,Reaxys
QHMTXANCGGJZRX-WUXMJOGZSA-N,CC1=NNC(=O)N(C1)/N=C/c1cccnc1,-1.984737284,20,Reaxys
QHZLMUACJMDIAE-UHFFFAOYSA-N,CCCCCCCCCCCCCCCC(=O)OCC(CO)O,-0.907458668,25,Reaxys
QIGBRXMKCJKVMJ-UHFFFAOYSA-N,c1cc(ccc1O)O,0.533701714,24.5,Reaxys
QIQXTHQIDYTFRH-UHFFFAOYSA-N,CCCCCCCCCCCCCCCCCC(=O)O,-0.600165637,25,Reaxys
QIVBCDIJIAJPQS-UHFFFAOYSA-N,c1ccc2c(c1)c(CC(C(=O)O)N)c[nH]2,-3.320665467,25,Reaxys
QJVXKWHHAMZTBY-GCPOEHJPSA-N,COc1cc(/C=C/CO)cc(c1O[C@H]1[C@@H]([C@H]([C@@H]([C@@H](CO)O1)O)O)O)OC,-2.071674923,20,Reaxys
QLBIYHGOHHPBCC-UHFFFAOYSA-N,CCCCCCCCCCCCCCCCCC(=O)OCCCl,-1.320844297,25,Reaxys
QNMFHVHLGOZVAH-UHFFFAOYSA-N,CN(c1ccccc1)c1c(cc(cc1[N+](=O)[O-])[N+](=O)[O-])[N+](=O)[O-],-2.025641699,25,Reaxys
QNWYCJHWPFCTIO-NXEZZACHSA-N,CC(C)[C@@](CC[C@](C)(C(=O)O)O)(C(=O)O)O,-0.749541691,20,Reaxys
QPGPCPKDVSPJAY-UHFFFAOYSA-N,c1cc(I)oc1C=O,-0.869196505,20,Reaxys
QPPBRPIAZZHUNT-UHFFFAOYSA-N,Cc1ccnc(n1)NS(=O)(=O)c1ccc(cc1)N,-2.101837285,24,Reaxys
QQCJUMIKRNTBRZ-UHFFFAOYSA-N,c1ccc(cc1)C1C(=O)C(=O)OC1c1ccc2c(c1)OCO2,-2.210200097,17,Reaxys
QRBSSDMZLRKOGR-OCEACIFDSA-N,c1ccc(cc1)N=Nc1ccc(cc1)N(c1ccccc1)c1ccccc1,-0.714448841,25,Reaxys
QSACCXVHEVWNMX-UHFFFAOYSA-N,CC(=O)Nc1ccccc1C(=O)O,-0.568635787,20,Reaxys
QUHHFMIVCMIFRS-UHFFFAOYSA-N,CCOC(=O)C(C(C(=O)OCC)OC(=O)C)OC(=O)C,0.598792806,24.2,Reaxys
QVPPQDAPAFWTCK-UHFFFAOYSA-N,c1cc(ccc1Cl)NC(=S)NNC(=O)c1ccncc1,-3.955554542,24.99,Reaxys
QVQAYZIOQVYOBF-UHFFFAOYSA-N,CCCCCCCCCCCCC1C(=O)N=C(N)S1,-2.027519105,25,Reaxys
QWZBEFCPZJWDKC-UHFFFAOYSA-N,CCCCCCCCCCCCCCCC(=O)OC(=O)CCCCCCCCCCCCCCC,-2.439194048,20,Reaxys
QXAGNLMTCODAJH-UHFFFAOYSA-N,CCCC(CCC)OC(=O)NC(=O)N,-1.693113263,16.5,Reaxys
QXBKGKVIXWSWEB-UHFFFAOYSA-N,c1ccc(cc1)c1ccc(cc1)/C=N/c1cccc(c1)c1ccccc1,-2.13076902,22,Reaxys
QXSAKPUBHTZHKW-UHFFFAOYSA-N,c1cc(ccc1C(=O)N)O,0.170261202,20,Reaxys
QYSPLQLAKJAUJT-UHFFFAOYSA-N,CN1C(=C(c2ccccc2S1(=O)=O)O)C(=O)Nc1ccccn1,-2.438899077,24.99,Reaxys
QYSXJUFSXHHAJI-YRZJJWOYSA-N,CC(C)CCC[C@@H](C)[C@H]1CC[C@H]2/C(=C/C=C\3/C[C@H](CCC3=C)O)/CCC[C@]12C,0.595269013,25,Reaxys
QZBWILJNDGNYNA-UHFFFAOYSA-N,Cc1cccc(c1OCC(=O)Nc1ccccc1)Cl,-0.440491896,25,Reaxys
RAHRBPFKDAZSCJ-UHFFFAOYSA-N,c1ccc(cc1)c1c(ccc(c1[N+](=O)[O-])O)[N+](=O)[O-],-0.394128008,25,Reaxys
RAIYSMBJSNYWPU-QWWZWVQMSA-N,CCOC(=O)[C@H]([C@H](C(=O)N)O)O,-1.072362614,22,Reaxys
RAYRRTBHPMNPSP-UHFFFAOYSA-N,c1ccc(cc1)Nc1cccc(c1N)Cl,-0.686608467,20,Reaxys
RBOXVHNMENFORY-DNJOTXNNSA-N,CN1CC[C@]23[C@H]4CC[C@@H]([C@@H]3Oc3c(ccc(C[C@@H]14)c23)OC)O,-0.456942235,20,Reaxys
REFJWTPEDVJJIY-UHFFFAOYSA-N,c1cc(c(cc1c1c(c(=O)c2c(cc(cc2o1)O)O)O)O)O,-1.581767392,25.44,Reaxys
RENUKYOICMBIKE-UHFFFAOYSA-N,CC(C)CC(C)OC(=O)NC(=O)N,-1.815289433,16.5,Reaxys
REQGKPUCIBDMFW-OUKQBFOZSA-N,CCCCCCC/C=C/C(=O)N(c1ccc(cc1)N(C)C)C(=O)Nc1ccc(cc1)N(C)C,-2.477818615,20,Reaxys
RFVNOJDQRGSOEL-UHFFFAOYSA-N,CCCCCCCCCCCCCCCCCC(=O)OCCO,-0.999204807,25,Reaxys
RGDPZMQZWZMONQ-UHFFFAOYSA-N,CC(=O)Nc1cccc(c1)C(=O)O,-1.214669172,20,Reaxys
RGHHSNMVTDWUBI-UHFFFAOYSA-N,c1cc(ccc1C=O)O,0.539322329,24.22,Reaxys
RHTVQEPJVKUMPI-UHFFFAOYSA-N,c1ccc(cc1)Nc1ccc(cc1[N+](=O)[O-])[N+](=O)[O-],-2.402484727,15,Reaxys
RJFKAACXQHIYTD-UHFFFAOYSA-N,CCCCCCCCC(CC(=O)N(c1ccc(cc1)N(C)C)C(=O)Nc1ccc(cc1)N(C)C)O,-2.001074769,20,Reaxys
RJKGJBPXVHTNJL-UHFFFAOYSA-N,c1ccc2c(c1)cccc2[N+](=O)[O-],-0.323508953,25,Reaxys
RJUJQBSIFOSCCE-SFTDATJTSA-N,CCCCCCCC[C@@H]([C@H](CCCCCCCCCCCC(=O)O)O)N(=O)=O,-0.049896619,18,Reaxys
RJWYTISHBMNMOZ-UHFFFAOYSA-N,c1cc2c(Cc3cc(ccc23)N)cc1Br,-1.517953347,18,Reaxys
RLNMMRFIGZSWJX-UHFFFAOYSA-N,c1cc(c(c2c1cc(cc2[N+](=O)[O-])[N+](=O)[O-])[N+](=O)[O-])Cl,-2.531144873,15,Reaxys
RMBFBMJGBANMMK-UHFFFAOYSA-N,Cc1ccc(cc1[N+](=O)[O-])[N+](=O)[O-],-0.965213683,15,Reaxys
RNSGYMFGBVMZSJ-UHFFFAOYSA-N,CC(C)OC(=O)NC(=O)N,-1.253629325,16,Reaxys
RNXRXBFLIGLDTC-UHFFFAOYSA-N,CCCCOC(=O)NC(=O)N,-1.114684198,18,Reaxys
ROAXLGSFGIOFMH-UHFFFAOYSA-N,c1ccc2c(c1)nc(CSCc1nc3ccccc3o1)o2,-0.190347928,24.99,Reaxys
ROHFNLRQFUQHCH-UHFFFAOYSA-N,CC(C)CC(C(=O)O)N,-2.977971986,25,Reaxys
ROORDVPLFPIABK-UHFFFAOYSA-N,c1ccc(cc1)OC(=O)Oc1ccccc1,-0.639030045,24.84,Reaxys
RPWFJAMTCNSJKK-UHFFFAOYSA-N,CCCCCCCCCCCCOC(=O)c1cc(c(c(c1)O)O)O,0.169483185,20,Reaxys
RRGUKTPIGVIEKM-UHFFFAOYSA-N,C1CCC(CC1)n1c(CCCCOc2ccc3c(CCC(=O)N3)c2)nnn1,-1.98098835,25,Reaxys
RRKTZKIUPZVBMF-IBTVXLQLSA-N,COc1cc2c(cc1OC)N1C(=O)C[C@H]3[C@@H]4[C@H]5C[C@H]6[C@]2(CCN6CC5=CCO3)[C@@H]14,0.227894327,25,Reaxys
RSQSQJNRHICNNH-NFMPGMCNSA-N,C=C1C[C@]23C[C@H]1CC[C@H]2[C@]12CC[C@@H]([C@](C)([C@H]1[C@@H]3C(=O)O)C(=O)O2)O,-1.6435879,24.99,Reaxys
RTOHDISBHWDUCE-UHFFFAOYSA-N,C=CCc1ccc(c(c1)OC)OCCSCCOc1ccc(CC=C)cc1OC,-2.617593681,18,Reaxys
RUBNOJFDOZNHSQ-UHFFFAOYSA-N,C=CCNC(=S)NNc1ccc(cc1)[N+](=O)[O-],-0.886966081,25,Reaxys
RUCHWTKMOWXHLU-UHFFFAOYSA-N,c1cc(c(cc1[N+](=O)[O-])C(=O)O)N,-1.114267759,18,Reaxys
RUGHUJBHQWALKM-UHFFFAOYSA-N,c1ccc(cc1)C(c1ccccc1)C(c1ccccc1)c1ccccc1,-2.720888368,20,Reaxys
RVKRJABUQLMQNO-CGRMRQBZSA-N,Cc1cc2C(c3ccc(c(c3C(=O)c2c(c1)O)OC)O)C1[C@@H]([C@H]([C@@H]([C@@H](CO)O1)O)O)O,-1.887724776,15,Reaxys
RWCCWEUUXYIKHB-UHFFFAOYSA-N,c1ccc(cc1)C(=O)c1ccccc1,-0.129832963,17.6,Reaxys
RWTQCZGAMKTBRV-PTHRTHQKSA-N,CCCCC(=O)O[C@H]1CC[C@@]2(C)C(=CC[C@H]3[C@@H]4CC[C@H]([C@H](C)CCCC(C)C)[C@@]4(C)CC[C@H]23)C1,-2.070758013,20,Reaxys
RWWVEQKPFPXLGL-ONCXSQPRSA-N,CC(C)C1=CC[C@H]2C(=C1)CC[C@@H]1[C@]2(C)CCC[C@@]1(C)C(=O)O,-1.70251239,20,Reaxys
RWYAKNFAVJTZAH-UHFFFAOYSA-N,CCCCCCCCCCC1C(=O)N=C(N)S1,-1.753799911,25,Reaxys
RXLOPKDPLPCVBH-UHFFFAOYSA-N,c1ccc2c(c1)cccc2NC(=O)NCCC(=O)O,-2.123908523,25,Reaxys
RXQDBVWDABAAHL-UHFFFAOYSA-N,c1ccc(cc1)COC(=O)NCCCCCC(=O)O,0.061201085,20,Reaxys
RYHOJIIKEZFTLE-UWVGGRQHSA-N,CC1(C)[C@@]2(C)CC[C@@]1(C(=O)OC2=O)Cl,-1.456273421,18,Reaxys
RZICIAUTWVCXQM-KKQCNMDGSA-N,C1[C@@H]([C@H]([C@@H]([C@@H](O1)ON(=O)=O)ON(=O)=O)ON(=O)=O)ON(=O)=O,-0.802671124,20,Reaxys
RZVAJINKPMORJF-UHFFFAOYSA-N,CC(=O)Nc1ccc(cc1)O,-0.052566894,25,Reaxys
RZVHIXYEVGDQDX-UHFFFAOYSA-N,c1ccc2c(c1)C(=O)c1ccccc1C2=O,-1.77781932,25,Reaxys
RZYNKBXUQOCKSI-UHFFFAOYSA-N,Cc1ccc(cc1)N(/C(=N/c1ccccc1)/Nc1ccccc1)c1[nH]c2ccc(C)cc2n1,-2.737778954,15,Reaxys
SATCULPHIDQDRE-UHFFFAOYSA-N,c1cc2c(cc1C=O)OCO2,0.823520944,20,Reaxys
SDACGHLXIUCCIC-ONEGZZNKSA-N,CC1(C)CC(=CC(=C(C#N)C#N)C1)/C=C/c1ccc(cc1)O,-2.196486306,25,Reaxys
SDKSKRHLYWDWGB-XXXNUIEVSA-N,COc1ccc2c(c1)c(ccn2)[C@H]([C@@H]1C[C@H]2CCN1C[C@@H]2C(=O)O)O,-2.376164922,25,Reaxys
SEHYCGWJONNDKG-OCEACIFDSA-N,c1ccc(cc1)N(c1ccccc1)c1ccc(cc1)/N=N/c1ccc(cc1)N(=O)=O,-2.221129619,25,Reaxys
SIOXPEMLGUPBBT-UHFFFAOYSA-N,c1ccnc(c1)C(=O)O,-0.357903099,25,Reaxys
SKKUAUZTZZRYPW-UHFFFAOYSA-N,c1ccc2c(c1)c(cc(c2Cl)[N+](=O)[O-])[N+](=O)[O-],-2.152037413,25,Reaxys
SKZKKFZAGNVIMN-UHFFFAOYSA-N,c1ccc(c(c1)C(=O)N)O,-0.2924297,20,Reaxys
SLAMLWHELXOEJZ-UHFFFAOYSA-N,c1ccc(c(c1)C(=O)O)[N+](=O)[O-],0.346342884,25,Reaxys
SLXKOJJOQWFEFD-UHFFFAOYSA-N,C(CCC(=O)[O-])CC[NH3+],-2.721651726,25,Reaxys
SMNDYUVBFMFKNZ-UHFFFAOYSA-N,c1cc(C(=O)O)oc1,0.551813258,24.5,Reaxys
SMXPXFWPPUYMKY-ZAUJTXRMSA-N,c1ccc(cc1)/C=C/C=N/NC(=O)C(=O)N,-3.336913804,20,Reaxys
SMYZJQPSSQUXLM-FWJOYPJLSA-N,C[C@@H]1CCC[C@H](C1)NC(=O)c1ccc2ccccc2c1,-0.300009502,26,Reaxys
SNIOPGDIGTZGOP-UHFFFAOYSA-N,C(C(CO[N+](=O)[O-])O[N+](=O)[O-])O[N+](=O)[O-],0.213147688,20,Reaxys
SNNRJYFQCCUBLH-UHFFFAOYSA-N,CCCCCCC(CC(=O)N(c1ccc(cc1)N(C)C)C(=O)Nc1ccc(cc1)N(C)C)O,-1.782676142,20,Reaxys
SOSYJTMKRFNDSU-UHFFFAOYSA-N,CC(C)(C)OC(=O)NC(=O)N,-1.345451013,15,Reaxys
SPJQDMKTFSPPLO-UHFFFAOYSA-N,CC(C)(C)S(=O)(=O)C(C)(C)C,-0.044315724,20,Reaxys
SPSSULHKWOKEEL-UHFFFAOYSA-N,Cc1c(cc(cc1[N+](=O)[O-])[N+](=O)[O-])[N+](=O)[O-],-1.141621798,22,Reaxys
SRBFZHDQGSBBOR-IOVATXLUSA-N,C1[C@H]([C@@H]([C@H](C(O)O1)O)O)O,-1.245804519,25,Reaxys
SSVSELJXJJCANX-UHFFFAOYSA-N,CCCCCCCCCCCCCCCC(=O)NN,-2.475452859,19,Reaxys
STFUKMOFLHNGMB-UHFFFAOYSA-N,CCCCCCCCC(=O)N(c1ccc(cc1)N(C)C)C(=O)Nc1ccc(cc1)N(C)C,-2.21336048,20,Reaxys
SVHAKCBZAPWQHW-UHFFFAOYSA-N,CC(=O)OC1C(C(C(C(C1OC(=O)C)OC(=O)C)OC(=O)C)OC(=O)C)Br,-3.48023793,20,Reaxys
SWJPEBQEEAHIGZ-UHFFFAOYSA-N,c1cc(ccc1Br)Br,-0.867589008,25,Reaxys
SWVDVLJUASRKES-UHFFFAOYSA-N,CCC(C(C)C)OC(=O)NC(=O)N,-1.140823795,20,Reaxys
SXNXKULRKDCYLM-UHFFFAOYSA-N,c1ccc(cc1)Cn1cc(CO)nn1,0.154186179,24.99,Reaxys
SZTDSGCADFWGKM-UHFFFAOYSA-N,C(CO)CP(=O)(CCCO)CCCO,-0.411966222,24.96,Reaxys
TUNFSRHWOTWDNC-UHFFFAOYSA-N,CCCCCCCCCCCCCC(=O)O,-0.184944653,20,Reaxys
TWMZHJMQNOMUGB-IBGZPJMESA-N,CC(C)(CO)[C@@H](C(=O)NCCC(=O)NCCSC(=O)c1cccc2ccccc12)O,-0.880152424,20,Reaxys
TWRPLCZREDAZEZ-DVKNGEFBSA-N,C([C@@H]1[C@H]([C@@H]([C@H]([C@@H](O1)O[N+](=O)[O-])O[N+](=O)[O-])O[N+](=O)[O-])O[N+](=O)[O-])O[N+](=O)[O-],-1.102460505,20,Reaxys
TXXHDPDFNKHHGW-ZPUQHVIOSA-N,C(=C\C(=O)O)/C=C/C(=O)O,-2.000113088,25,Reaxys
TYKNIXUIZSBZSO-UHFFFAOYSA-N,CC1(C)C2CCC1(C)C(=O)C2Cl,-0.169738033,20,Reaxys
TYMLOMAKGOJONV-UHFFFAOYSA-N,c1cc(ccc1N)[N+](=O)[O-],-0.47235575,25,Reaxys
TZXKOCQBRNJULO-UHFFFAOYSA-N,Cc1c(c(=O)ccn1C)O,-1.610709477,25.04,Reaxys
UATJOMSPNYCXIX-UHFFFAOYSA-N,c1c(cc(cc1[N+](=O)[O-])[N+](=O)[O-])[N+](=O)[O-],-1.158333962,18,Reaxys
UBEZGTUPVRSCCP-UHFFFAOYSA-N,CN(C)c1ccc(cc1)NC(=O)N(C=O)c1ccc(cc1)N(C)C,-2.274082705,20,Reaxys
UCAHGXFXBRSTPX-UHFFFAOYSA-N,c1cc(c(cc1[N+](=O)[O-])[N+](=O)[O-])Oc1c(cc(cc1[N+](=O)[O-])[N+](=O)[O-])[N+](=O)[O-],-1.928721723,23,Reaxys
UCTLEUMRWILLKV-UHFFFAOYSA-N,CCCCCCCCCCCCCCCCC1C(=O)N=C(N)S1,-3.68711345,25,Reaxys
UFWIBTONFRDIAS-UHFFFAOYSA-N,c1ccc2ccccc2c1,-0.187415696,25,Reaxys
UGJBHEZMOKVTIM-UHFFFAOYSA-N,C(C(=O)O)NC=O,-0.522870319,25,Reaxys
UHDMEVYKMXIBQC-UHFFFAOYSA-N,CCCCCCCCCCCC(=O)OCC(=O)c1ccccc1,-0.77226716,25,Reaxys
UHGYYQUSAMHAAH-UHFFFAOYSA-N,C(CCCCCNCCCCCCN)CCCCC(=O)O,-2.477822797,20,Reaxys
UHWJMXASZSKFEO-UHFFFAOYSA-N,c1cc(c(cc1[N+](=O)[O-])[N+](=O)[O-])Nc1ccc(cc1[N+](=O)[O-])[N+](=O)[O-],-2.938281855,15,Reaxys
UHWURQRPEIFIAK-UHFFFAOYSA-N,Cc1c(cc2c(c1[N+](=O)[O-])C(C)(C)CC2(C)C)[N+](=O)[O-],-1.702185548,15,Reaxys
UHZUKUTVMBPNLC-OQLLNIDSSA-N,c1ccc(c(c1)C(=O)NO)/N=C/c1ccccn1,-1.537367482,20,Reaxys
UJHIVOCEDKLHRM-UHFFFAOYSA-N,CCOC(=O)c1ccc(cc1C)NC(=O)C,-0.493410444,20,Reaxys
UJKWVVLRVCSFBB-HNNXBMFYSA-N,CC(C)(CO)[C@H](C(=O)NCCC(=O)NCCSC(=O)c1ccccc1)O,-0.468666514,20,Reaxys
UMNBCVIEWOTTAP-UHFFFAOYSA-N,CCCCC(=O)NNC(=O)CCCC,-0.549591303,20,Reaxys
UNMGJBOGCRAMHG-UHFFFAOYSA-N,CC(C)CCCOC(=O)NC(=O)N,-1.601661013,14,Reaxys
UNMSQGCYXOMOAC-UHFFFAOYSA-N,C(CO[N+](=O)[O-])N(c1c(cc(cc1[N+](=O)[O-])[N+](=O)[O-])[N+](=O)[O-])[N+](=O)[O-],-2.620276486,25,Reaxys
URSRLBRZMUPNKP-CYYJNZCTSA-N,CCCCN(CCCC)CCOC(=O)c1ccc(cc1)/N=N/c1ccc(cc1N)N,-0.886878183,25,Reaxys
USEVKDWMVPLICN-UHFFFAOYSA-N,CCC(=O)NCCNC(=O)CC,-0.09622215,25,Reaxys
UTMLDQRMPCLKEF-UHFFFAOYSA-N,CN(C)c1ccc(cc1)C(=Nc1ccc(cc1)N)c1ccc(cc1)N(C)C,-1.921003744,20,Reaxys
UTQSUDKKBZEXHH-UHFFFAOYSA-N,c1ccc(c(c1)Cl)Nc1ccc(cc1N)Cl,-1.801285343,20,Reaxys
UUQHKWMIDYRWHH-UHFFFAOYSA-N,Cc1cc(c(C)c(c1C(=O)OC)O)O,0.205744016,19.99,Reaxys
UVOTVQIUSZDLAM-GGLFOPPFSA-N,CC(=O)C1=CC[C@H]2[C@@H]3CCC4=CC(=O)C=C[C@]4(C)[C@H]3[C@H](C[C@]12C)O,0.562124627,24.99,Reaxys
UVSMNLNDYGZFPF-UHFFFAOYSA-N,c1cc2c(c(c1)N)C(=O)N(C1CCC(=O)NC1=O)C2=O,-2.436556992,24,Reaxys
UWVQXJFNNKWNLZ-UHFFFAOYSA-N,Cc1ccc(cc1)C(c1ccc(C)cc1)(C(c1ccc(C)cc1)(c1ccc(C)cc1)O)O,-3.023835587,25,Reaxys
UYUUAUOYLFIRJG-UHFFFAOYSA-N,COc1ccc(cc1)P(c1ccc(cc1)OC)c1ccc(cc1)OC,-2.19358722,25.1,Reaxys
VDLSNXQRYWSHGB-UHFFFAOYSA-N,CCOC(=O)C1C(=O)CC(C)(C(C1c1ccccc1)C(=O)OCC)O,-1.56390915,20,Reaxys
VDVUCLWJZJHFAV-UHFFFAOYSA-N,CC1(C)CC(CC(C)(C)N1)O,0.361215791,24.99,Reaxys
VEQOALNAAJBPNY-UHFFFAOYSA-N,Cc1cc(=O)n(c2ccccc2)n1C,0.492373776,22,Reaxys
VFQXVTODMYMSMJ-UHFFFAOYSA-N,c1cnccc1C(=O)N,-0.241710093,25,Reaxys
VGEREEWJJVICBM-UHFFFAOYSA-N,c1cc(ccc1CCC(=O)c1c(cc(cc1O)O)O)O,-0.178478611,25.04,Reaxys
VHIYCPCXACHVJM-KQQUZDAGSA-N,CCOC(=O)/C=C/C=C/C(=O)OCC,-0.406026263,25,Reaxys
VHNQIURBCCNWDN-UHFFFAOYSA-N,c1cc(N)nc(c1)N,0.542212284,23.99,Reaxys
VHUNCYDAXJGCLO-AHMNSWSSSA-N,COC(=O)c1ccccc1O[C@H]1[C@@H]([C@H]([C@@H]([C@@H](CO[C@H]2[C@@H]([C@H]([C@@H](CO2)O)O)O)O1)O)O)O,-2.157324451,19,Reaxys
VKYKSIONXSXAKP-UHFFFAOYSA-N,C1N2CN3CN1CN(C2)C3,-0.788570894,20,Reaxys
VLHGEHPRQNEXJO-UHFFFAOYSA-N,c1ccc(cc1)C(C(c1ccccc1)C(=O)c1ccccc1)C1C(=O)c2ccccc2C1=O,-2.332946187,20,Reaxys
VMFZFBNQMGFEJG-UHFFFAOYSA-N,CC(=O)N(c1ccc(cc1)N(C)C)C(=O)Nc1ccc(cc1)N(C)C,-2.593386658,20,Reaxys
VMXIGXJWVNCMDE-UHFFFAOYSA-N,c1ccc(cc1)CCOC(=O)NC(=O)N,-2.415426198,17,Reaxys
VNIRPUMAEZAXLI-UHFFFAOYSA-N,CC(=CC(C(Cl)(Cl)Cl)O)C,0.39824594,20,Reaxys
VNMCOCQBDAFDIY-UHFFFAOYSA-N,CCCCCCC(C)OC(=O)NC(=O)N,-2.025386193,14,Reaxys
VOGKEZAPBBRLPB-UHFFFAOYSA-N,CCCCCCC(CCC)(CCC)C(=O)NO,0,26,Reaxys
VOIZNVUXCQLQHS-UHFFFAOYSA-N,c1cc(cc(c1)Br)C(=O)O,-0.438898118,25,Reaxys
VPVXHAANQNHFSF-UHFFFAOYSA-N,C1COC(=O)CO1,0.845689016,15.2,Reaxys
VWPOSFSPZNDTMJ-UCWKZMIHSA-N,CC(C)(C)NCC(COc1cccc2C[C@H]([C@H](Cc12)O)O)O,-0.799447239,23,Reaxys
VXDRVFNPIUKYNB-UHFFFAOYSA-N,CC(C)C1CCC(C)CC1OC(=O)NC(=O)N,-2.23825764,18,Reaxys
VXLFYNFOITWQPM-QZQOTICOSA-N,c1ccc(cc1)Nc1ccc(cc1)N=Nc1ccccc1,0.0681909,25,Reaxys
WBJRVFHVKHVZOM-ISLYRVAYSA-N,COC(=O)c1ccc(cc1)N=Nc1ccc(cc1N)N,-1.940469891,25,Reaxys
WCBBGYBHNLCJSJ-UHFFFAOYSA-N,C1(C(Cl)(Cl)Cl)OC(C(Cl)(Cl)Cl)OC(C(Cl)(Cl)Cl)O1,-1.955388283,25,Reaxys
WCGUUGGRBIKTOS-GPOJBZKASA-N,C[C@@H]1CC[C@@]2(CC[C@]3(C)C(=CC[C@@H]4[C@@]5(C)CC[C@@H](C(C)(C)[C@@H]5CC[C@@]34C)O)[C@@H]2[C@H]1C)C(=O)O,-2.091437846,18,Reaxys
WCNBDOGHDLNLCX-UHFFFAOYSA-N,c1cc2c3ccc(cc3C(c2cc1Cl)O)N,-1.467648316,18,Reaxys
WDENQIQQYWYTPO-IBGZPJMESA-N,CC#CC(=O)N1CCC[C@H]1c1nc(c2ccc(cc2)C(=O)Nc2ccccn2)c2c(N)nccn12,-2.190811492,25,Reaxys
WDZGGAFMGIOIQS-DHZHZOJOSA-N,c1ccc(cc1)C(=O)/C=C/c1ccc(cc1)[N+](=O)[O-],-2.312598381,26,Reaxys
WIASIBZCNZVRJK-UHFFFAOYSA-N,C1CCC(CC1)N(C(=O)C1CCC1)O,-0.121328008,25,Reaxys
WIWBHSNVCVVVOB-DYTRJAOYSA-N,CCCCc1ccc(cc1)/C(=N\Nc1ccc(C)cc1)/C(=O)O,-1.050605969,20,Reaxys
WJCNZQLZVWNLKY-UHFFFAOYSA-N,c1ccc2c(c1)[nH]c(c1cscn1)n2,-2.164398831,25,Reaxys
WJFKNYWRSNBZNX-UHFFFAOYSA-N,c1ccc2c(c1)Nc1ccccc1S2,-1.039383609,20,Reaxys
WJHSRFQBVYHKKL-CMWLGVBASA-N,c1cc(c(cc1c1coc2cc(cc(c2c1=O)O)O[C@H]1[C@@H]([C@H]([C@@H]([C@@H](CO)O1)O)O)O)O)O,-3.07662633,18,Reaxys
WJTFHWXMITZNHS-UHFFFAOYSA-N,c1cc(Br)oc1C=O,-0.544023372,20,Reaxys
WLJVNTCWHIRURA-UHFFFAOYSA-N,C(CCC(=O)O)CCC(=O)O,0.315608112,25.29,Reaxys
WNLRTRBMVRJNCN-UHFFFAOYSA-N,C(CCC(=O)O)CC(=O)O,-0.215388012,25,Reaxys
WNYIBZHOMJZDKN-UHFFFAOYSA-N,CC(=O)NCCNC(=O)C,-0.04161264,25,Reaxys
WOUBWJAJSXAOIV-UHFFFAOYSA-N,c1cc(ccc1S(=O)(=O)N)S(=O)(=O)N,-1.771354104,25,Reaxys
WOZSCQDILHKSGG-UHFFFAOYSA-N,CC(C)(C)C(=O)OCOP(=O)(COCCn1cnc2c(N)ncnc12)OCOC(=O)C(C)(C)C,-0.233704444,24.99,Reaxys
WPXZZUDRJPGPTR-FMQUCBEESA-N,CCCOC(=O)c1ccc(cc1)N=Nc1ccc(cc1N)N,-1.481282533,25,Reaxys
WPYMKLBDIGXBTP-UHFFFAOYSA-N,c1ccc(cc1)C(=O)O,0.4390219,24.9,Reaxys
WQZGKKKJIJFFOK-QTVWNMPRSA-N,C([C@@H]1[C@H]([C@@H]([C@@H](C(O)O1)O)O)O)O,-1.224872541,25,Reaxys
WRMHSUWVRRMXIN-UHFFFAOYSA-N,c1ccc(cc1)C(CC(=O)c1ccccc1)C(C#N)c1ccc(cc1)[N+](=O)[O-],-2.346744758,20,Reaxys
WSWDNKINQWKQGR-OGLKEZPNSA-N,CCCCCCCCCCCCCCCC(=O)O[C@H]1CO[C@@H](c2ccccc2)OC1,-1.378778812,26,Reaxys
WUPFRVISYZBSJJ-UHFFFAOYSA-N,CCCCCCCC(=O)N(c1ccc(cc1)N(C)C)C(=O)Nc1ccc(cc1)N(C)C,-2.554632308,20,Reaxys
WURBFLDFSFBTLW-UHFFFAOYSA-N,c1ccc(cc1)C(=O)C(=O)c1ccccc1,-0.73614786,25,Reaxys
WWNULGCYTYKNHX-RPZUVYPISA-N,C1CCC2C(C1)C1CC2NC2CCCC(NC3CC(C4CCCCC34)NC3CCCC(C3)N1)N2,-2.756964929,20,Reaxys
WXUSZELTMZPETG-MHFDELKKSA-N,C[C@H](CCC(=O)O)[C@H]1CC[C@H]2[C@H]3[C@H](CC(=O)[C@]12C)[C@@](C)(CCC(=O)O)[C@H](CC3=O)C(=O)O,-0.709240079,23,Reaxys
WZSCKTIRIGZORS-VOTSOKGWSA-N,C/C=C/CCCCCCCC(=O)N(c1ccc(cc1)N(C)C)C(=O)Nc1ccc(cc1)N(C)C,-2.491131172,20,Reaxys
XBCAPQKDLLQKQB-UHFFFAOYSA-N,c1ccc(cc1)C(c1ccc(cc1)Cl)(C(c1ccccc1)(c1ccc(cc1)Cl)O)O,-2.638838549,25,Reaxys
XCDXSSFOJZZGQC-UHFFFAOYSA-N,c1ccc2cc(ccc2c1)N(CCCl)CCCl,-0.923286124,15,Reaxys
XDOBGTROEORTFM-UHFFFAOYSA-N,CN(C)c1ccc(cc1)C(=NC(=O)c1ccccc1)c1ccc(cc1)N(C)C,-2.365817792,16,Reaxys
XECWCIGULVRDKS-UHFFFAOYSA-N,c1ccc(cc1)C(C=CC(c1ccccc1)(c1ccccc1)O)(c1ccccc1)O,-1.714775632,24,Reaxys
XEFQLINVKFYRCS-UHFFFAOYSA-N,c1cc(c(cc1Cl)Cl)Oc1ccc(cc1O)Cl,0.885787518,24.99,Reaxys
XENLSUWTYBHJFY-UHFFFAOYSA-N,CCCCCCCCCCCCOC(=O)NC(=O)N,-2.98802994,20.7,Reaxys
XEOQHVVLXIUVHB-UHFFFAOYSA-N,CC(C)C1CCC(C)CC1OC(=O)C(c1ccccc1)O,-0.613450986,25,Reaxys
XGISLVMWAFEKFQ-OCAPTIKFSA-N,O=[S]1CC[S](=O)CC1,-0.828414631,22,Reaxys
XGNHEICZCRPVHP-UHFFFAOYSA-N,c1ccc2c(c1)OP1(=nP3(=nP4(=n1)Oc1ccccc1O4)Oc1ccccc1O3)O2,-2.687057915,24.89,Reaxys
XGVHRUPAYMKJBO-UHFFFAOYSA-N,CCCCCC1(CCO)C(=O)NC(=S)NC1=O,-0.128941292,25,Reaxys
XHDCBMMILVHZTB-CYYJNZCTSA-N,Cc1cc(ccc1/N=N/c1ccc(cc1)N(c1ccccc1)c1ccccc1)N(=O)=O,-2.826812954,25,Reaxys
XHKBEIYZVFBVAM-UHFFFAOYSA-N,CCCCCCCCCCCCCC(=O)NO,-1,26,Reaxys
XLWKIQKOAXZPLJ-UHFFFAOYSA-N,CC(=CC(=O)N(c1ccc(cc1)N(C)C)C(=O)Nc1ccc(cc1)N(C)C)C,-2.569157792,20,Reaxys
XMHSYEXULJEECF-UHFFFAOYSA-N,COc1ccc(cc1)COC(=O)NC(=O)N,-2.505568561,17,Reaxys
XMMRNCHTDONGRJ-UHFFFAOYSA-N,c1cc(ccc1C=CC(=O)O)[N+](=O)[O-],-2.299143214,25,Reaxys
XNCQWROGWIOIDE-UHFFFAOYSA-N,Cc1cc(cc(c1OCC(=O)Nc1ccccc1)Cl)Cl,-0.973099852,25,Reaxys
XPOFTPYDSZJRKX-VOVZHTNUSA-N,CC(=O)[C@@]12[C@@H](C[C@H]3[C@@H]4CCC5=CC(=O)CC[C@]5(C)[C@H]4[C@@H](C[C@]13C)O)O2,-1.866310262,25.05,Reaxys
XQQFQCNVJHSEHB-UHFFFAOYSA-N,Cc1ccc(cc1)S(=O)(=O)NNC(=O)C(c1ccccc1)(c1ccccc1)O,-1.457699002,21,Reaxys
XRHGYUZYPHTUJZ-UHFFFAOYSA-N,c1cc(ccc1C(=O)O)Cl,-0.538348802,25,Reaxys
XSTCQMIXQXXYCY-UHFFFAOYSA-N,CC(C)(O)P1(=O)OCC2(CO1)COP(=O)(C(C)(C)O)OC2,-1.501169197,24.47,Reaxys
XUGISPSHIFXEHZ-VEVYEIKRSA-N,CC(C)CCC[C@@H](C)[C@H]1CC[C@H]2[C@@H]3CC=C4C[C@H](CC[C@]4(C)[C@H]3CC[C@]12C)OC(=O)C,-1.933182466,20,Reaxys
XXVXIPPJGSLKSX-UHFFFAOYSA-N,C(CCCNC(=O)OCCCCO)CCNC(=O)OCCCCO,-0.809734245,20,Reaxys
XYPACLZTPMHPLB-UHFFFAOYSA-N,Cc1ccc2c(ccc(c2n1)O)[N+](=O)[O-],-1.910350113,20,Reaxys
XYUFQWDLRLHUPB-UHFFFAOYSA-N,CC(C)(C)c1ccc(cc1)C(=O)NN,0.137054209,25,Reaxys
XYYVYLMBEZUESM-CMKMFDCUSA-N,CN1CC[C@]23[C@H]4C=CC(=O)[C@@H]3Oc3c(ccc(C[C@@H]14)c23)OC,-2.242824864,20,Reaxys
XZPBDSRFFBZMOL-UHFFFAOYSA-N,CCCC(C)(C)OC(=O)NC(=O)N,-0.894470679,16,Reaxys
XZYCIROALNOXCY-UHFFFAOYSA-N,c1ccc(cc1)C(c1ccccc1Cl)(C(c1ccccc1)(c1ccccc1Cl)O)O,-3.258627307,25,Reaxys
XZZNDPSIHUTMOC-UHFFFAOYSA-N,c1ccc(cc1)OP(=O)(Oc1ccccc1)Oc1ccccc1,0.333971557,25,Reaxys
YAPQBXQYLJRXSA-UHFFFAOYSA-N,Cn1cnc2c1c(=O)[nH]c(=O)n2C,-2.602460323,21,Reaxys
YAXHKYDUTPKQCQ-AVPQAVFTSA-N,CCCC(=Cc1ccco1)C=NNC(=O)N,-0.946268355,22,Reaxys
YCBSMEKEDOHEQI-UHFFFAOYSA-N,CC1CCC2(CCC3(C)C(=CCC4C5(C)CCC(C(C)(C)C5CCC34C)O)C2C1C)C(=O)OC,-0.951626569,15,Reaxys
YDCFNPFXXJRYCZ-UHFFFAOYSA-N,c1c(cc(c(c1[N+](=O)[O-])C(=O)N=[N+]=[N-])[N+](=O)[O-])[N+](=O)[O-],-2.854235622,20,Reaxys
YEYCQJVCAMFWCO-PXBBAZSNSA-N,CC(C)CCC[C@@H](C)[C@H]1CC[C@H]2[C@@H]3CC=C4C[C@H](CC[C@]4(C)[C@H]3CC[C@]12C)OC=O,-1.839553461,20,Reaxys
YFVXLROHJBSEDW-QZQOTICOSA-N,c1ccc(cc1)Nc1ccc(cc1)/N=N/c1ccc(cc1)N(=O)=O,-1.355566778,25,Reaxys
YGSDEFSMJLZEOE-UHFFFAOYSA-N,c1ccc(c(c1)C(=O)O)O,0.363600914,25,Reaxys
YGTUPRIZNBMOFV-UHFFFAOYSA-N,c1ccc(c(c1)C(=O)c1ccc(cc1)O)C(=O)O,0.172072779,21,Reaxys
YGVIZQFGNZMZRF-UHFFFAOYSA-N,c1ccc2c(c1)c1CCCCc1n2C(=O)N,-1.234045276,25,Reaxys
YHUVSTOODJDXKV-UHFFFAOYSA-N,COc1ccc(cc1)N=Cc1ccc(cc1)c1ccccc1,-2.638272361,22,Reaxys
YIJMXKZTQSAAQY-UHFFFAOYSA-N,CCOC1(C(c2ccccc2)Br)C(=O)NC(=O)N1,-1.042435463,20,Reaxys
YIKYNHJUKRTCJL-UHFFFAOYSA-N,CCc1c(c(=O)cco1)O,0.135544069,24.99,Reaxys
YIRNNSRYVBZJSD-UHFFFAOYSA-N,CCCCCCCCCCCCCCC1C(=O)N=C(N)S1,-2.581063963,25,Reaxys
YJLSYXATLKWVRI-UHFFFAOYSA-N,c1ccc(cc1)CC1C(=O)N(c2ccccc2)C(=O)N1CC(=O)O,0.187974848,20,Reaxys
YKZYNOWDVPDSMO-QMMMGPOBSA-N,C1C=C(CC[C@@H](CC(=O)O)O)C(=O)C1,-0.394055294,20,Reaxys
YNPNZTXNASCQKK-UHFFFAOYSA-N,c1ccc2c(c1)ccc1ccccc21,-1.9531226,25,Reaxys
YOCSNHRJFCUGEU-UHFFFAOYSA-N,Cc1ccc(cc1)C(c1ccccc1)(C(c1ccccc1)(c1ccc(C)cc1)O)O,-2.897091314,25,Reaxys
YOSHYTLCDANDAN-UHFFFAOYSA-N,CCCCC1=NC2(CCCC2)C(=O)N1Cc1ccc(cc1)c1ccccc1c1[nH]nnn1,-1.741562862,24.64,Reaxys
YQEZLKZALYSWHR-CYBMUJFWSA-N,CN[C@]1(CCCCC1=O)c1ccccc1Cl,-0.528767431,24.94,Reaxys
YQJPLPIXXNODAV-UHFFFAOYSA-N,CCCCCCCCCCCCC(=O)N(c1ccc(cc1)N(C)C)C(=O)Nc1ccc(cc1)N(C)C,-3.279386998,18,Reaxys
YQWAGWNKWCPCFX-UHFFFAOYSA-N,CCOc1ccc(cc1OC)COC(=O)NC(=O)N,-2.837505883,17,Reaxys
YQYQAKKOHZYHEJ-OCEACIFDSA-N,c1ccc(cc1)N(c1ccccc1)c1ccc(cc1)/N=N/c1ccc(cc1N(=O)=O)N(=O)=O,-3.22184875,25,Reaxys
YRPYUECFYIYBGG-UHFFFAOYSA-N,c1ccc(cc1)Nc1cc(ccc1N)Cl,-1.225877629,20,Reaxys
YSEMBYWAAKOCKW-UHFFFAOYSA-N,c1cc(ccc1C=C1CCC(=Cc2ccc(cc2)O)C1=O)O,-2.272754731,20,Reaxys
YVJCXMCIFPUNDO-UHFFFAOYSA-N,Cc1c(c(C)c(c(C)c1[N+](=O)[O-])[N+](=O)[O-])[N+](=O)[O-],-3.105828551,15,Reaxys
YVUQSNJEYSNKRX-UHFFFAOYSA-N,c1ccc2c(c1)[nH]c(=O)n2C1CCN(CCCC(c2ccc(cc2)F)c2ccc(cc2)F)CC1,-1.687277577,25,Reaxys
YWTYJOPNNQFBPC-UHFFFAOYSA-N,c1cc(Cl)ncc1CN1CCN/C/1=N\[N+](=O)[O-],-2.065409192,25.53,Reaxys
YXOLAZRVSSWPPT-UHFFFAOYSA-N,c1cc(c(cc1O)O)c1c(c(=O)c2c(cc(cc2o1)O)O)O,-1.004364225,24.99,Reaxys
YXTRCOAFNXQTKL-UHFFFAOYSA-N,COc1c(cc(cc1Br)Br)Br,-1.524765299,15,Reaxys
YYRLUIQHYPPKGI-UOGPBWDTSA-N,C1[C@H]([C@@H]2[C@@H]([C@@H]3[C@H](O2)O[C@@H](C(Cl)(Cl)Cl)O3)O)O[C@@H](C(Cl)(Cl)Cl)O1,-3.132343579,25,Reaxys
YZIXRDWVUVBLFL-JLYPQOKGSA-N,C1C/C(=N\O)/C(=N/NC(=S)N)/C(=N/O)/C1,-2.065867745,25,Reaxys
ZBJWWKFMHOAPNS-UHFFFAOYSA-N,c1cc2c(cc(c(c2nc1)O)I)S(=O)(=O)O,-2.062583221,25,Reaxys
ZBRCAASZBMWIDA-QCLAVDOMSA-N,c1cnccc1C(=O)N/N=C/[C@H]([C@@H]1[C@@H]([C@@H](C(=O)O1)O)O)O,-2.0552195,21,Reaxys
ZCFSWYZFGJAUKK-UHFFFAOYSA-N,Cc1ccc(C)c(c1[N+](=O)[O-])[N+](=O)[O-],-0.950194414,15,Reaxys
ZCTGHNQGIRLFDR-KTKRTIGZSA-N,CCN(CC)CCNC(=O)c1ccc(cc1)NC(=O)/C=C\C(=O)O,-3.171335925,15,Reaxys
ZFSLODLOARCGLH-UHFFFAOYSA-N,c1(=O)[nH]c(=O)[nH]c(=O)[nH]1,-2.213600031,22.5,Reaxys
ZIUSSTSXXLLKKK-SMSFQYLMSA-N,COc1cc(/C=C/C(=O)CC(=O)/C=C/c2ccc(c(c2)OC)O)ccc1O,-2.166852656,25,Reaxys
ZJGHEUYKWKTKCH-UHFFFAOYSA-N,CCOC(=O)c1ccc(cc1)NC(=S)N,-0.873675102,20,Reaxys
ZKPLTLWJBLZUSM-UHFFFAOYSA-N,Cc1cc(c(C)c(c1[N+](=O)[O-])[N+](=O)[O-])[N+](=O)[O-],-2.08127528,15,Reaxys
ZLHNYIHIHQEHJQ-UHFFFAOYSA-N,CC(=O)NNC(=O)C,0.115505606,20,Reaxys
ZMFNLYAUUKOVIN-UHFFFAOYSA-N,c1ccc(cc1)C(c1ccccc1)(C(=O)NNS(=O)(=O)c1ccc(cc1)[N+](=O)[O-])O,-1.177553773,21,Reaxys
ZNLCZYFJZIUCIJ-UHFFFAOYSA-N,c1ccc(cc1)Nc1ccc(cc1)n1nc2ccccc2[n+]1[O-],-2.003367172,25,Reaxys
ZOLJFBQEKSZVCB-UHFFFAOYSA-N,CCCCCCCCCCCCCCCCCC(=O)Nc1ccccc1,-2.379723593,20,Reaxys
ZPTVNYMJQHSSEA-UHFFFAOYSA-N,Cc1ccc(cc1)[N+](=O)[O-],-0.140235068,15,Reaxys
ZQBAKBUEJOMQEX-UHFFFAOYSA-N,c1ccc(cc1)OC(=O)c1ccccc1O,0.338028289,24.99,Reaxys
ZQKCNHLMCZDMNN-WUXMJOGZSA-N,CCOc1ccc(cc1/C=N/NC(=O)N)[N+](=O)[O-],-2.504554637,20,Reaxys
ZRVUJXDFFKFLMG-UHFFFAOYSA-N,Cc1cnc(NC(=O)C2=C(c3ccccc3S(=O)(=O)N2C)O)s1,-3.012875764,24.99,Reaxys
ZSUUZFDADZFHQZ-UHFFFAOYSA-N,CCCCC(C)OC(=O)NC(=O)N,-1.287910186,17,Reaxys
ZTHHRSBDBPCCMZ-UHFFFAOYSA-N,COc1cnc(Cl)nc1Cl,-0.090405698,26.28,Reaxys
ZTHYODDOHIVTJV-UHFFFAOYSA-N,CCCOC(=O)c1cc(c(c(c1)O)O)O,0.583329855,25,Reaxys
ZUOUZKKEUPVFJK-UHFFFAOYSA-N,c1ccc(cc1)c1ccccc1,-0.227885089,25,Reaxys
ZUTCJXFCHHDFJS-UHFFFAOYSA-N,c1cc2c(cccc2[N+](=O)[O-])c(c1)[N+](=O)[O-],-3.02657759,16,Reaxys
ZVNYJIZDIRKMBF-UHFFFAOYSA-N,COc1ccc(cc1OC)C(=O)N1CCN(CC1)c1ccc2c(CCC(=O)N2)c1,-3.097255742,25,Reaxys
ZWFHVYLMPFPMKA-UHFFFAOYSA-N,Cc1ccc2c(c1)nc(Nc1ccccc1)[nH]2,-0.438764661,15,Reaxys
ZWLPBLYKEWSWPD-UHFFFAOYSA-N,Cc1ccccc1C(=O)O,0.365480473,22.9,Reaxys
ZXVONLUNISGICL-UHFFFAOYSA-N,Cc1cc(cc(c1O)[N+](=O)[O-])[N+](=O)[O-],-0.766250641,15,Reaxys
ZYLCQMSHBJVMBX-UHFFFAOYSA-N,CN(C)c1ccc(cc1)C(=Nc1ccccc1N)c1ccc(cc1)N(C)C,-2.350352217,17,Reaxys
